Date,Zip,Daily Calculated Recoveries
5/29/2020,45001,0
5/30/2020,45001,0
5/31/2020,45001,0
6/1/2020,45001,0
6/2/2020,45001,0
6/3/2020,45001,0
6/4/2020,45001,0
6/5/2020,45001,0
6/6/2020,45001,0
6/7/2020,45001,0
6/8/2020,45001,0
6/9/2020,45001,0
6/10/2020,45001,0
6/11/2020,45001,0
6/12/2020,45001,0
6/13/2020,45001,0
6/14/2020,45001,0
6/15/2020,45001,0
6/16/2020,45001,0
6/17/2020,45001,0
6/18/2020,45001,0
6/19/2020,45001,0
6/20/2020,45001,0
6/21/2020,45001,0
6/22/2020,45001,0
6/23/2020,45001,0
6/24/2020,45001,0
6/25/2020,45001,0
6/26/2020,45001,0
6/27/2020,45001,0
6/28/2020,45001,0
6/29/2020,45001,0
6/30/2020,45001,0
7/1/2020,45001,0
7/2/2020,45001,0
7/3/2020,45001,0
7/4/2020,45001,0
7/5/2020,45001,0
7/6/2020,45001,0
7/7/2020,45001,0
7/8/2020,45001,0
7/9/2020,45001,0
7/10/2020,45001,0
7/11/2020,45001,1
7/12/2020,45001,0
7/13/2020,45001,0
7/14/2020,45001,0
7/15/2020,45001,0
7/16/2020,45001,0
7/17/2020,45001,0
7/18/2020,45001,0
7/19/2020,45001,0
7/20/2020,45001,0
7/21/2020,45001,0
7/22/2020,45001,0
7/23/2020,45001,0
7/24/2020,45001,0
7/25/2020,45001,0
7/26/2020,45001,0
7/27/2020,45001,0
5/29/2020,45002,2
5/30/2020,45002,0
5/31/2020,45002,0
6/1/2020,45002,1
6/2/2020,45002,0
6/3/2020,45002,0
6/4/2020,45002,0
6/5/2020,45002,0
6/6/2020,45002,-1
6/7/2020,45002,0
6/8/2020,45002,0
6/9/2020,45002,0
6/10/2020,45002,0
6/11/2020,45002,0
6/12/2020,45002,0
6/13/2020,45002,0
6/14/2020,45002,0
6/15/2020,45002,0
6/16/2020,45002,0
6/17/2020,45002,0
6/18/2020,45002,0
6/19/2020,45002,0
6/20/2020,45002,0
6/21/2020,45002,0
6/22/2020,45002,0
6/23/2020,45002,0
6/24/2020,45002,0
6/25/2020,45002,0
6/26/2020,45002,0
6/27/2020,45002,0
6/28/2020,45002,0
6/29/2020,45002,0
6/30/2020,45002,0
7/1/2020,45002,0
7/2/2020,45002,0
7/3/2020,45002,0
7/4/2020,45002,0
7/5/2020,45002,0
7/6/2020,45002,0
7/7/2020,45002,3
7/8/2020,45002,0
7/9/2020,45002,0
7/10/2020,45002,2
7/11/2020,45002,1
7/12/2020,45002,0
7/13/2020,45002,0
7/14/2020,45002,0
7/15/2020,45002,0
7/16/2020,45002,0
7/17/2020,45002,0
7/18/2020,45002,0
7/19/2020,45002,1
7/20/2020,45002,0
7/21/2020,45002,5
7/22/2020,45002,4
7/23/2020,45002,3
7/24/2020,45002,9
7/25/2020,45002,2
7/26/2020,45002,0
7/27/2020,45002,0
5/29/2020,45014,0
5/30/2020,45014,0
5/31/2020,45014,0
6/1/2020,45014,0
6/2/2020,45014,0
6/3/2020,45014,0
6/4/2020,45014,0
6/5/2020,45014,0
6/6/2020,45014,0
6/7/2020,45014,0
6/8/2020,45014,0
6/9/2020,45014,0
6/10/2020,45014,0
6/11/2020,45014,0
6/12/2020,45014,1
6/13/2020,45014,0
6/14/2020,45014,0
6/15/2020,45014,0
6/16/2020,45014,0
6/17/2020,45014,0
6/18/2020,45014,0
6/19/2020,45014,0
6/20/2020,45014,0
6/21/2020,45014,0
6/22/2020,45014,0
6/23/2020,45014,0
6/24/2020,45014,0
6/25/2020,45014,0
6/26/2020,45014,0
6/27/2020,45014,0
6/28/2020,45014,0
6/29/2020,45014,0
6/30/2020,45014,0
7/1/2020,45014,0
7/2/2020,45014,0
7/3/2020,45014,0
7/4/2020,45014,0
7/5/2020,45014,0
7/6/2020,45014,0
7/7/2020,45014,0
7/8/2020,45014,0
7/9/2020,45014,0
7/10/2020,45014,0
7/11/2020,45014,0
7/12/2020,45014,0
7/13/2020,45014,0
7/14/2020,45014,0
7/15/2020,45014,0
7/16/2020,45014,0
7/17/2020,45014,0
7/18/2020,45014,0
7/19/2020,45014,0
7/20/2020,45014,0
7/21/2020,45014,0
7/22/2020,45014,0
7/23/2020,45014,0
7/24/2020,45014,0
7/25/2020,45014,0
7/26/2020,45014,0
7/27/2020,45014,0
5/29/2020,45030,2
5/30/2020,45030,1
5/31/2020,45030,0
6/1/2020,45030,1
6/2/2020,45030,0
6/3/2020,45030,0
6/4/2020,45030,0
6/5/2020,45030,0
6/6/2020,45030,0
6/7/2020,45030,0
6/8/2020,45030,0
6/9/2020,45030,0
6/10/2020,45030,0
6/11/2020,45030,0
6/12/2020,45030,0
6/13/2020,45030,0
6/14/2020,45030,0
6/15/2020,45030,0
6/16/2020,45030,0
6/17/2020,45030,0
6/18/2020,45030,0
6/19/2020,45030,0
6/20/2020,45030,0
6/21/2020,45030,0
6/22/2020,45030,0
6/23/2020,45030,0
6/24/2020,45030,0
6/25/2020,45030,0
6/26/2020,45030,0
6/27/2020,45030,0
6/28/2020,45030,0
6/29/2020,45030,0
6/30/2020,45030,0
7/1/2020,45030,0
7/2/2020,45030,0
7/3/2020,45030,0
7/4/2020,45030,1
7/5/2020,45030,0
7/6/2020,45030,0
7/7/2020,45030,2
7/8/2020,45030,0
7/9/2020,45030,0
7/10/2020,45030,3
7/11/2020,45030,0
7/12/2020,45030,0
7/13/2020,45030,0
7/14/2020,45030,0
7/15/2020,45030,0
7/16/2020,45030,0
7/17/2020,45030,4
7/18/2020,45030,-1
7/19/2020,45030,2
7/20/2020,45030,-1
7/21/2020,45030,2
7/22/2020,45030,1
7/23/2020,45030,2
7/24/2020,45030,8
7/25/2020,45030,4
7/26/2020,45030,0
7/27/2020,45030,0
5/29/2020,45052,0
5/30/2020,45052,0
5/31/2020,45052,0
6/1/2020,45052,0
6/2/2020,45052,0
6/3/2020,45052,0
6/4/2020,45052,0
6/5/2020,45052,0
6/6/2020,45052,0
6/7/2020,45052,0
6/8/2020,45052,0
6/9/2020,45052,0
6/10/2020,45052,0
6/11/2020,45052,0
6/12/2020,45052,0
6/13/2020,45052,0
6/14/2020,45052,0
6/15/2020,45052,0
6/16/2020,45052,0
6/17/2020,45052,0
6/18/2020,45052,0
6/19/2020,45052,0
6/20/2020,45052,0
6/21/2020,45052,0
6/22/2020,45052,0
6/23/2020,45052,0
6/24/2020,45052,0
6/25/2020,45052,0
6/26/2020,45052,0
6/27/2020,45052,0
6/28/2020,45052,0
6/29/2020,45052,0
6/30/2020,45052,0
7/1/2020,45052,0
7/2/2020,45052,0
7/3/2020,45052,0
7/4/2020,45052,0
7/5/2020,45052,0
7/6/2020,45052,0
7/7/2020,45052,0
7/8/2020,45052,0
7/9/2020,45052,0
7/10/2020,45052,0
7/11/2020,45052,0
7/12/2020,45052,0
7/13/2020,45052,0
7/14/2020,45052,0
7/15/2020,45052,0
7/16/2020,45052,0
7/17/2020,45052,0
7/18/2020,45052,0
7/19/2020,45052,1
7/20/2020,45052,0
7/21/2020,45052,1
7/22/2020,45052,1
7/23/2020,45052,0
7/24/2020,45052,1
7/25/2020,45052,1
7/26/2020,45052,0
7/27/2020,45052,0
5/29/2020,45140,1
5/30/2020,45140,0
5/31/2020,45140,0
6/1/2020,45140,0
6/2/2020,45140,1
6/3/2020,45140,0
6/4/2020,45140,1
6/5/2020,45140,0
6/6/2020,45140,-1
6/7/2020,45140,0
6/8/2020,45140,0
6/9/2020,45140,0
6/10/2020,45140,0
6/11/2020,45140,0
6/12/2020,45140,0
6/13/2020,45140,0
6/14/2020,45140,0
6/15/2020,45140,0
6/16/2020,45140,1
6/17/2020,45140,0
6/18/2020,45140,0
6/19/2020,45140,0
6/20/2020,45140,0
6/21/2020,45140,0
6/22/2020,45140,0
6/23/2020,45140,0
6/24/2020,45140,0
6/25/2020,45140,0
6/26/2020,45140,0
6/27/2020,45140,0
6/28/2020,45140,0
6/29/2020,45140,0
6/30/2020,45140,0
7/1/2020,45140,0
7/2/2020,45140,0
7/3/2020,45140,0
7/4/2020,45140,1
7/5/2020,45140,0
7/6/2020,45140,0
7/7/2020,45140,0
7/8/2020,45140,0
7/9/2020,45140,0
7/10/2020,45140,1
7/11/2020,45140,0
7/12/2020,45140,-1
7/13/2020,45140,0
7/14/2020,45140,0
7/15/2020,45140,0
7/16/2020,45140,0
7/17/2020,45140,0
7/18/2020,45140,0
7/19/2020,45140,3
7/20/2020,45140,0
7/21/2020,45140,0
7/22/2020,45140,1
7/23/2020,45140,3
7/24/2020,45140,4
7/25/2020,45140,1
7/26/2020,45140,0
7/27/2020,45140,0
5/29/2020,45174,0
5/30/2020,45174,0
5/31/2020,45174,0
6/1/2020,45174,0
6/2/2020,45174,0
6/3/2020,45174,0
6/4/2020,45174,0
6/5/2020,45174,0
6/6/2020,45174,0
6/7/2020,45174,0
6/8/2020,45174,0
6/9/2020,45174,0
6/10/2020,45174,0
6/11/2020,45174,0
6/12/2020,45174,0
6/13/2020,45174,0
6/14/2020,45174,0
6/15/2020,45174,0
6/16/2020,45174,0
6/17/2020,45174,0
6/18/2020,45174,0
6/19/2020,45174,0
6/20/2020,45174,0
6/21/2020,45174,0
6/22/2020,45174,0
6/23/2020,45174,0
6/24/2020,45174,0
6/25/2020,45174,0
6/26/2020,45174,0
6/27/2020,45174,0
6/28/2020,45174,0
6/29/2020,45174,0
6/30/2020,45174,0
7/1/2020,45174,0
7/2/2020,45174,1
7/3/2020,45174,0
7/4/2020,45174,0
7/5/2020,45174,0
7/6/2020,45174,0
7/7/2020,45174,2
7/8/2020,45174,1
7/9/2020,45174,0
7/10/2020,45174,0
7/11/2020,45174,0
7/12/2020,45174,0
7/13/2020,45174,0
7/14/2020,45174,0
7/15/2020,45174,0
7/16/2020,45174,0
7/17/2020,45174,0
7/18/2020,45174,0
7/19/2020,45174,0
7/20/2020,45174,0
7/21/2020,45174,0
7/22/2020,45174,0
7/23/2020,45174,2
7/24/2020,45174,0
7/25/2020,45174,0
7/26/2020,45174,0
7/27/2020,45174,0
5/29/2020,45202,0
5/30/2020,45202,0
5/31/2020,45202,0
6/1/2020,45202,0
6/2/2020,45202,0
6/3/2020,45202,0
6/4/2020,45202,0
6/5/2020,45202,0
6/6/2020,45202,0
6/7/2020,45202,0
6/8/2020,45202,0
6/9/2020,45202,0
6/10/2020,45202,0
6/11/2020,45202,0
6/12/2020,45202,0
6/13/2020,45202,0
6/14/2020,45202,0
6/15/2020,45202,0
6/16/2020,45202,0
6/17/2020,45202,0
6/18/2020,45202,0
6/19/2020,45202,0
6/20/2020,45202,0
6/21/2020,45202,0
6/22/2020,45202,0
6/23/2020,45202,1
6/24/2020,45202,0
6/25/2020,45202,0
6/26/2020,45202,0
6/27/2020,45202,0
6/28/2020,45202,0
6/29/2020,45202,0
6/30/2020,45202,0
7/1/2020,45202,0
7/2/2020,45202,0
7/3/2020,45202,0
7/4/2020,45202,0
7/5/2020,45202,0
7/6/2020,45202,0
7/7/2020,45202,0
7/8/2020,45202,0
7/9/2020,45202,0
7/10/2020,45202,0
7/11/2020,45202,0
7/12/2020,45202,0
7/13/2020,45202,0
7/14/2020,45202,0
7/15/2020,45202,0
7/16/2020,45202,0
7/17/2020,45202,0
7/18/2020,45202,0
7/19/2020,45202,0
7/20/2020,45202,-1
7/21/2020,45202,0
7/22/2020,45202,0
7/23/2020,45202,0
7/24/2020,45202,0
7/25/2020,45202,0
7/26/2020,45202,0
7/27/2020,45202,0
5/29/2020,45203,0
5/30/2020,45203,0
5/31/2020,45203,0
6/1/2020,45203,0
6/2/2020,45203,0
6/3/2020,45203,0
6/4/2020,45203,0
6/5/2020,45203,0
6/6/2020,45203,0
6/7/2020,45203,0
6/8/2020,45203,0
6/9/2020,45203,0
6/10/2020,45203,0
6/11/2020,45203,0
6/12/2020,45203,0
6/13/2020,45203,0
6/14/2020,45203,0
6/15/2020,45203,0
6/16/2020,45203,1
6/17/2020,45203,0
6/18/2020,45203,0
6/19/2020,45203,0
6/20/2020,45203,0
6/21/2020,45203,0
6/22/2020,45203,0
6/23/2020,45203,0
6/24/2020,45203,1
6/25/2020,45203,1
6/26/2020,45203,0
6/27/2020,45203,0
6/28/2020,45203,0
6/29/2020,45203,0
6/30/2020,45203,0
7/1/2020,45203,0
7/2/2020,45203,0
7/3/2020,45203,0
7/4/2020,45203,0
7/5/2020,45203,0
7/6/2020,45203,0
7/7/2020,45203,0
7/8/2020,45203,0
7/9/2020,45203,0
7/10/2020,45203,0
7/11/2020,45203,0
7/12/2020,45203,0
7/13/2020,45203,0
7/14/2020,45203,0
7/15/2020,45203,0
7/16/2020,45203,0
7/17/2020,45203,0
7/18/2020,45203,0
7/19/2020,45203,0
7/20/2020,45203,0
7/21/2020,45203,0
7/22/2020,45203,0
7/23/2020,45203,0
7/24/2020,45203,0
7/25/2020,45203,0
7/26/2020,45203,0
7/27/2020,45203,0
5/29/2020,45204,0
5/30/2020,45204,0
5/31/2020,45204,0
6/1/2020,45204,0
6/2/2020,45204,0
6/3/2020,45204,0
6/4/2020,45204,0
6/5/2020,45204,0
6/6/2020,45204,0
6/7/2020,45204,0
6/8/2020,45204,0
6/9/2020,45204,0
6/10/2020,45204,0
6/11/2020,45204,0
6/12/2020,45204,0
6/13/2020,45204,0
6/14/2020,45204,0
6/15/2020,45204,0
6/16/2020,45204,0
6/17/2020,45204,0
6/18/2020,45204,0
6/19/2020,45204,0
6/20/2020,45204,1
6/21/2020,45204,0
6/22/2020,45204,0
6/23/2020,45204,0
6/24/2020,45204,0
6/25/2020,45204,0
6/26/2020,45204,1
6/27/2020,45204,0
6/28/2020,45204,0
6/29/2020,45204,0
6/30/2020,45204,0
7/1/2020,45204,0
7/2/2020,45204,0
7/3/2020,45204,0
7/4/2020,45204,0
7/5/2020,45204,0
7/6/2020,45204,0
7/7/2020,45204,0
7/8/2020,45204,0
7/9/2020,45204,0
7/10/2020,45204,0
7/11/2020,45204,0
7/12/2020,45204,0
7/13/2020,45204,0
7/14/2020,45204,0
7/15/2020,45204,0
7/16/2020,45204,0
7/17/2020,45204,0
7/18/2020,45204,0
7/19/2020,45204,0
7/20/2020,45204,0
7/21/2020,45204,-1
7/22/2020,45204,0
7/23/2020,45204,0
7/24/2020,45204,0
7/25/2020,45204,0
7/26/2020,45204,0
7/27/2020,45204,0
5/29/2020,45205,0
5/30/2020,45205,0
5/31/2020,45205,0
6/1/2020,45205,0
6/2/2020,45205,2
6/3/2020,45205,1
6/4/2020,45205,2
6/5/2020,45205,0
6/6/2020,45205,0
6/7/2020,45205,0
6/8/2020,45205,0
6/9/2020,45205,0
6/10/2020,45205,0
6/11/2020,45205,0
6/12/2020,45205,3
6/13/2020,45205,0
6/14/2020,45205,0
6/15/2020,45205,0
6/16/2020,45205,3
6/17/2020,45205,0
6/18/2020,45205,0
6/19/2020,45205,0
6/20/2020,45205,1
6/21/2020,45205,0
6/22/2020,45205,2
6/23/2020,45205,0
6/24/2020,45205,0
6/25/2020,45205,0
6/26/2020,45205,1
6/27/2020,45205,0
6/28/2020,45205,0
6/29/2020,45205,1
6/30/2020,45205,0
7/1/2020,45205,1
7/2/2020,45205,0
7/3/2020,45205,0
7/4/2020,45205,0
7/5/2020,45205,1
7/6/2020,45205,0
7/7/2020,45205,0
7/8/2020,45205,0
7/9/2020,45205,0
7/10/2020,45205,0
7/11/2020,45205,0
7/12/2020,45205,0
7/13/2020,45205,0
7/14/2020,45205,0
7/15/2020,45205,0
7/16/2020,45205,0
7/17/2020,45205,0
7/18/2020,45205,0
7/19/2020,45205,0
7/20/2020,45205,0
7/21/2020,45205,0
7/22/2020,45205,0
7/23/2020,45205,0
7/24/2020,45205,0
7/25/2020,45205,0
7/26/2020,45205,0
7/27/2020,45205,0
5/29/2020,45206,0
5/30/2020,45206,0
5/31/2020,45206,0
6/1/2020,45206,0
6/2/2020,45206,0
6/3/2020,45206,0
6/4/2020,45206,0
6/5/2020,45206,0
6/6/2020,45206,0
6/7/2020,45206,0
6/8/2020,45206,3
6/9/2020,45206,0
6/10/2020,45206,1
6/11/2020,45206,0
6/12/2020,45206,1
6/13/2020,45206,0
6/14/2020,45206,0
6/15/2020,45206,0
6/16/2020,45206,0
6/17/2020,45206,0
6/18/2020,45206,0
6/19/2020,45206,0
6/20/2020,45206,0
6/21/2020,45206,0
6/22/2020,45206,0
6/23/2020,45206,0
6/24/2020,45206,1
6/25/2020,45206,0
6/26/2020,45206,0
6/27/2020,45206,0
6/28/2020,45206,0
6/29/2020,45206,0
6/30/2020,45206,0
7/1/2020,45206,0
7/2/2020,45206,0
7/3/2020,45206,0
7/4/2020,45206,0
7/5/2020,45206,0
7/6/2020,45206,0
7/7/2020,45206,0
7/8/2020,45206,0
7/9/2020,45206,0
7/10/2020,45206,0
7/11/2020,45206,0
7/12/2020,45206,0
7/13/2020,45206,0
7/14/2020,45206,0
7/15/2020,45206,0
7/16/2020,45206,0
7/17/2020,45206,0
7/18/2020,45206,0
7/19/2020,45206,0
7/20/2020,45206,0
7/21/2020,45206,0
7/22/2020,45206,0
7/23/2020,45206,0
7/24/2020,45206,0
7/25/2020,45206,0
7/26/2020,45206,1
7/27/2020,45206,0
5/29/2020,45207,0
5/30/2020,45207,0
5/31/2020,45207,0
6/1/2020,45207,0
6/2/2020,45207,0
6/3/2020,45207,0
6/4/2020,45207,0
6/5/2020,45207,0
6/6/2020,45207,0
6/7/2020,45207,0
6/8/2020,45207,0
6/9/2020,45207,0
6/10/2020,45207,0
6/11/2020,45207,0
6/12/2020,45207,0
6/13/2020,45207,0
6/14/2020,45207,0
6/15/2020,45207,0
6/16/2020,45207,0
6/17/2020,45207,0
6/18/2020,45207,0
6/19/2020,45207,0
6/20/2020,45207,1
6/21/2020,45207,0
6/22/2020,45207,0
6/23/2020,45207,0
6/24/2020,45207,0
6/25/2020,45207,1
6/26/2020,45207,1
6/27/2020,45207,0
6/28/2020,45207,0
6/29/2020,45207,0
6/30/2020,45207,0
7/1/2020,45207,0
7/2/2020,45207,0
7/3/2020,45207,0
7/4/2020,45207,0
7/5/2020,45207,0
7/6/2020,45207,0
7/7/2020,45207,0
7/8/2020,45207,0
7/9/2020,45207,0
7/10/2020,45207,0
7/11/2020,45207,0
7/12/2020,45207,0
7/13/2020,45207,0
7/14/2020,45207,0
7/15/2020,45207,0
7/16/2020,45207,0
7/17/2020,45207,0
7/18/2020,45207,0
7/19/2020,45207,-1
7/20/2020,45207,0
7/21/2020,45207,0
7/22/2020,45207,0
7/23/2020,45207,0
7/24/2020,45207,0
7/25/2020,45207,0
7/26/2020,45207,0
7/27/2020,45207,1
5/29/2020,45208,0
5/30/2020,45208,0
5/31/2020,45208,0
6/1/2020,45208,0
6/2/2020,45208,0
6/3/2020,45208,0
6/4/2020,45208,0
6/5/2020,45208,0
6/6/2020,45208,1
6/7/2020,45208,0
6/8/2020,45208,0
6/9/2020,45208,0
6/10/2020,45208,0
6/11/2020,45208,0
6/12/2020,45208,1
6/13/2020,45208,0
6/14/2020,45208,0
6/15/2020,45208,0
6/16/2020,45208,1
6/17/2020,45208,0
6/18/2020,45208,0
6/19/2020,45208,0
6/20/2020,45208,0
6/21/2020,45208,0
6/22/2020,45208,0
6/23/2020,45208,0
6/24/2020,45208,0
6/25/2020,45208,1
6/26/2020,45208,0
6/27/2020,45208,0
6/28/2020,45208,0
6/29/2020,45208,0
6/30/2020,45208,0
7/1/2020,45208,0
7/2/2020,45208,0
7/3/2020,45208,0
7/4/2020,45208,0
7/5/2020,45208,0
7/6/2020,45208,0
7/7/2020,45208,0
7/8/2020,45208,0
7/9/2020,45208,0
7/10/2020,45208,0
7/11/2020,45208,0
7/12/2020,45208,0
7/13/2020,45208,0
7/14/2020,45208,0
7/15/2020,45208,0
7/16/2020,45208,0
7/17/2020,45208,0
7/18/2020,45208,0
7/19/2020,45208,0
7/20/2020,45208,0
7/21/2020,45208,0
7/22/2020,45208,0
7/23/2020,45208,0
7/24/2020,45208,0
7/25/2020,45208,0
7/26/2020,45208,0
7/27/2020,45208,0
5/29/2020,45209,0
5/30/2020,45209,-1
5/31/2020,45209,0
6/1/2020,45209,0
6/2/2020,45209,-1
6/3/2020,45209,1
6/4/2020,45209,0
6/5/2020,45209,0
6/6/2020,45209,1
6/7/2020,45209,0
6/8/2020,45209,0
6/9/2020,45209,1
6/10/2020,45209,0
6/11/2020,45209,0
6/12/2020,45209,-1
6/13/2020,45209,0
6/14/2020,45209,0
6/15/2020,45209,0
6/16/2020,45209,0
6/17/2020,45209,0
6/18/2020,45209,0
6/19/2020,45209,0
6/20/2020,45209,0
6/21/2020,45209,0
6/22/2020,45209,0
6/23/2020,45209,0
6/24/2020,45209,0
6/25/2020,45209,0
6/26/2020,45209,0
6/27/2020,45209,0
6/28/2020,45209,0
6/29/2020,45209,0
6/30/2020,45209,0
7/1/2020,45209,0
7/2/2020,45209,0
7/3/2020,45209,0
7/4/2020,45209,0
7/5/2020,45209,0
7/6/2020,45209,0
7/7/2020,45209,0
7/8/2020,45209,0
7/9/2020,45209,0
7/10/2020,45209,0
7/11/2020,45209,0
7/12/2020,45209,0
7/13/2020,45209,0
7/14/2020,45209,0
7/15/2020,45209,0
7/16/2020,45209,0
7/17/2020,45209,0
7/18/2020,45209,0
7/19/2020,45209,0
7/20/2020,45209,0
7/21/2020,45209,1
7/22/2020,45209,0
7/23/2020,45209,0
7/24/2020,45209,0
7/25/2020,45209,0
7/26/2020,45209,0
7/27/2020,45209,0
5/29/2020,45211,0
5/30/2020,45211,0
5/31/2020,45211,0
6/1/2020,45211,0
6/2/2020,45211,0
6/3/2020,45211,0
6/4/2020,45211,1
6/5/2020,45211,1
6/6/2020,45211,0
6/7/2020,45211,0
6/8/2020,45211,0
6/9/2020,45211,-1
6/10/2020,45211,0
6/11/2020,45211,0
6/12/2020,45211,3
6/13/2020,45211,0
6/14/2020,45211,0
6/15/2020,45211,2
6/16/2020,45211,2
6/17/2020,45211,0
6/18/2020,45211,0
6/19/2020,45211,2
6/20/2020,45211,-1
6/21/2020,45211,0
6/22/2020,45211,3
6/23/2020,45211,4
6/24/2020,45211,7
6/25/2020,45211,1
6/26/2020,45211,1
6/27/2020,45211,3
6/28/2020,45211,0
6/29/2020,45211,2
6/30/2020,45211,0
7/1/2020,45211,1
7/2/2020,45211,0
7/3/2020,45211,1
7/4/2020,45211,0
7/5/2020,45211,0
7/6/2020,45211,0
7/7/2020,45211,0
7/8/2020,45211,4
7/9/2020,45211,1
7/10/2020,45211,1
7/11/2020,45211,0
7/12/2020,45211,0
7/13/2020,45211,0
7/14/2020,45211,0
7/15/2020,45211,0
7/16/2020,45211,1
7/17/2020,45211,7
7/18/2020,45211,0
7/19/2020,45211,4
7/20/2020,45211,-1
7/21/2020,45211,4
7/22/2020,45211,8
7/23/2020,45211,5
7/24/2020,45211,8
7/25/2020,45211,-1
7/26/2020,45211,0
7/27/2020,45211,0
5/29/2020,45212,0
5/30/2020,45212,3
5/31/2020,45212,0
6/1/2020,45212,4
6/2/2020,45212,0
6/3/2020,45212,0
6/4/2020,45212,1
6/5/2020,45212,1
6/6/2020,45212,0
6/7/2020,45212,0
6/8/2020,45212,0
6/9/2020,45212,-1
6/10/2020,45212,0
6/11/2020,45212,2
6/12/2020,45212,-1
6/13/2020,45212,5
6/14/2020,45212,0
6/15/2020,45212,2
6/16/2020,45212,0
6/17/2020,45212,0
6/18/2020,45212,0
6/19/2020,45212,0
6/20/2020,45212,-1
6/21/2020,45212,0
6/22/2020,45212,3
6/23/2020,45212,1
6/24/2020,45212,2
6/25/2020,45212,0
6/26/2020,45212,1
6/27/2020,45212,-1
6/28/2020,45212,0
6/29/2020,45212,8
6/30/2020,45212,-1
7/1/2020,45212,0
7/2/2020,45212,-2
7/3/2020,45212,-3
7/4/2020,45212,0
7/5/2020,45212,3
7/6/2020,45212,0
7/7/2020,45212,6
7/8/2020,45212,-1
7/9/2020,45212,2
7/10/2020,45212,-2
7/11/2020,45212,-2
7/12/2020,45212,0
7/13/2020,45212,20
7/14/2020,45212,0
7/15/2020,45212,0
7/16/2020,45212,0
7/17/2020,45212,8
7/18/2020,45212,1
7/19/2020,45212,0
7/20/2020,45212,5
7/21/2020,45212,3
7/22/2020,45212,4
7/23/2020,45212,9
7/24/2020,45212,3
7/25/2020,45212,2
7/26/2020,45212,-2
7/27/2020,45212,13
5/29/2020,45213,0
5/30/2020,45213,0
5/31/2020,45213,0
6/1/2020,45213,0
6/2/2020,45213,0
6/3/2020,45213,0
6/4/2020,45213,0
6/5/2020,45213,1
6/6/2020,45213,0
6/7/2020,45213,0
6/8/2020,45213,1
6/9/2020,45213,0
6/10/2020,45213,0
6/11/2020,45213,0
6/12/2020,45213,0
6/13/2020,45213,0
6/14/2020,45213,0
6/15/2020,45213,0
6/16/2020,45213,0
6/17/2020,45213,0
6/18/2020,45213,0
6/19/2020,45213,1
6/20/2020,45213,-1
6/21/2020,45213,0
6/22/2020,45213,0
6/23/2020,45213,0
6/24/2020,45213,1
6/25/2020,45213,0
6/26/2020,45213,0
6/27/2020,45213,1
6/28/2020,45213,0
6/29/2020,45213,1
6/30/2020,45213,0
7/1/2020,45213,0
7/2/2020,45213,0
7/3/2020,45213,0
7/4/2020,45213,0
7/5/2020,45213,0
7/6/2020,45213,0
7/7/2020,45213,0
7/8/2020,45213,2
7/9/2020,45213,1
7/10/2020,45213,0
7/11/2020,45213,-1
7/12/2020,45213,-1
7/13/2020,45213,0
7/14/2020,45213,0
7/15/2020,45213,0
7/16/2020,45213,0
7/17/2020,45213,0
7/18/2020,45213,0
7/19/2020,45213,0
7/20/2020,45213,0
7/21/2020,45213,0
7/22/2020,45213,0
7/23/2020,45213,1
7/24/2020,45213,2
7/25/2020,45213,0
7/26/2020,45213,0
7/27/2020,45213,0
5/29/2020,45214,0
5/30/2020,45214,0
5/31/2020,45214,0
6/1/2020,45214,1
6/2/2020,45214,0
6/3/2020,45214,0
6/4/2020,45214,0
6/5/2020,45214,0
6/6/2020,45214,-1
6/7/2020,45214,0
6/8/2020,45214,0
6/9/2020,45214,0
6/10/2020,45214,0
6/11/2020,45214,0
6/12/2020,45214,0
6/13/2020,45214,0
6/14/2020,45214,0
6/15/2020,45214,0
6/16/2020,45214,0
6/17/2020,45214,1
6/18/2020,45214,0
6/19/2020,45214,0
6/20/2020,45214,0
6/21/2020,45214,0
6/22/2020,45214,0
6/23/2020,45214,1
6/24/2020,45214,0
6/25/2020,45214,1
6/26/2020,45214,0
6/27/2020,45214,1
6/28/2020,45214,0
6/29/2020,45214,0
6/30/2020,45214,0
7/1/2020,45214,0
7/2/2020,45214,0
7/3/2020,45214,0
7/4/2020,45214,-1
7/5/2020,45214,0
7/6/2020,45214,0
7/7/2020,45214,0
7/8/2020,45214,0
7/9/2020,45214,0
7/10/2020,45214,0
7/11/2020,45214,0
7/12/2020,45214,0
7/13/2020,45214,0
7/14/2020,45214,0
7/15/2020,45214,0
7/16/2020,45214,0
7/17/2020,45214,0
7/18/2020,45214,0
7/19/2020,45214,0
7/20/2020,45214,0
7/21/2020,45214,0
7/22/2020,45214,0
7/23/2020,45214,0
7/24/2020,45214,0
7/25/2020,45214,0
7/26/2020,45214,0
7/27/2020,45214,0
5/29/2020,45215,5
5/30/2020,45215,1
5/31/2020,45215,-1
6/1/2020,45215,2
6/2/2020,45215,0
6/3/2020,45215,0
6/4/2020,45215,0
6/5/2020,45215,0
6/6/2020,45215,0
6/7/2020,45215,0
6/8/2020,45215,0
6/9/2020,45215,0
6/10/2020,45215,0
6/11/2020,45215,0
6/12/2020,45215,-1
6/13/2020,45215,0
6/14/2020,45215,0
6/15/2020,45215,0
6/16/2020,45215,0
6/17/2020,45215,0
6/18/2020,45215,0
6/19/2020,45215,2
6/20/2020,45215,0
6/21/2020,45215,0
6/22/2020,45215,0
6/23/2020,45215,1
6/24/2020,45215,2
6/25/2020,45215,2
6/26/2020,45215,1
6/27/2020,45215,0
6/28/2020,45215,0
6/29/2020,45215,3
6/30/2020,45215,1
7/1/2020,45215,0
7/2/2020,45215,0
7/3/2020,45215,1
7/4/2020,45215,2
7/5/2020,45215,1
7/6/2020,45215,0
7/7/2020,45215,8
7/8/2020,45215,6
7/9/2020,45215,-1
7/10/2020,45215,8
7/11/2020,45215,0
7/12/2020,45215,0
7/13/2020,45215,0
7/14/2020,45215,0
7/15/2020,45215,0
7/16/2020,45215,-1
7/17/2020,45215,8
7/18/2020,45215,-1
7/19/2020,45215,1
7/20/2020,45215,0
7/21/2020,45215,3
7/22/2020,45215,7
7/23/2020,45215,16
7/24/2020,45215,15
7/25/2020,45215,5
7/26/2020,45215,0
7/27/2020,45215,-1
5/29/2020,45216,2
5/30/2020,45216,0
5/31/2020,45216,0
6/1/2020,45216,0
6/2/2020,45216,0
6/3/2020,45216,0
6/4/2020,45216,0
6/5/2020,45216,0
6/6/2020,45216,0
6/7/2020,45216,0
6/8/2020,45216,0
6/9/2020,45216,1
6/10/2020,45216,0
6/11/2020,45216,1
6/12/2020,45216,3
6/13/2020,45216,0
6/14/2020,45216,0
6/15/2020,45216,0
6/16/2020,45216,0
6/17/2020,45216,0
6/18/2020,45216,1
6/19/2020,45216,0
6/20/2020,45216,0
6/21/2020,45216,0
6/22/2020,45216,0
6/23/2020,45216,0
6/24/2020,45216,0
6/25/2020,45216,1
6/26/2020,45216,0
6/27/2020,45216,0
6/28/2020,45216,0
6/29/2020,45216,0
6/30/2020,45216,2
7/1/2020,45216,0
7/2/2020,45216,0
7/3/2020,45216,0
7/4/2020,45216,0
7/5/2020,45216,0
7/6/2020,45216,0
7/7/2020,45216,1
7/8/2020,45216,0
7/9/2020,45216,0
7/10/2020,45216,2
7/11/2020,45216,0
7/12/2020,45216,-1
7/13/2020,45216,0
7/14/2020,45216,0
7/15/2020,45216,0
7/16/2020,45216,0
7/17/2020,45216,5
7/18/2020,45216,0
7/19/2020,45216,0
7/20/2020,45216,0
7/21/2020,45216,0
7/22/2020,45216,0
7/23/2020,45216,0
7/24/2020,45216,0
7/25/2020,45216,0
7/26/2020,45216,0
7/27/2020,45216,0
5/29/2020,45217,0
5/30/2020,45217,0
5/31/2020,45217,0
6/1/2020,45217,0
6/2/2020,45217,-1
6/3/2020,45217,0
6/4/2020,45217,0
6/5/2020,45217,0
6/6/2020,45217,0
6/7/2020,45217,0
6/8/2020,45217,0
6/9/2020,45217,0
6/10/2020,45217,0
6/11/2020,45217,0
6/12/2020,45217,0
6/13/2020,45217,0
6/14/2020,45217,0
6/15/2020,45217,0
6/16/2020,45217,0
6/17/2020,45217,0
6/18/2020,45217,0
6/19/2020,45217,0
6/20/2020,45217,0
6/21/2020,45217,0
6/22/2020,45217,1
6/23/2020,45217,1
6/24/2020,45217,1
6/25/2020,45217,0
6/26/2020,45217,0
6/27/2020,45217,0
6/28/2020,45217,0
6/29/2020,45217,0
6/30/2020,45217,0
7/1/2020,45217,0
7/2/2020,45217,0
7/3/2020,45217,0
7/4/2020,45217,1
7/5/2020,45217,0
7/6/2020,45217,0
7/7/2020,45217,0
7/8/2020,45217,0
7/9/2020,45217,0
7/10/2020,45217,1
7/11/2020,45217,0
7/12/2020,45217,0
7/13/2020,45217,0
7/14/2020,45217,0
7/15/2020,45217,0
7/16/2020,45217,0
7/17/2020,45217,7
7/18/2020,45217,0
7/19/2020,45217,0
7/20/2020,45217,0
7/21/2020,45217,0
7/22/2020,45217,0
7/23/2020,45217,0
7/24/2020,45217,1
7/25/2020,45217,0
7/26/2020,45217,0
7/27/2020,45217,0
5/29/2020,45218,1
5/30/2020,45218,0
5/31/2020,45218,0
6/1/2020,45218,0
6/2/2020,45218,-1
6/3/2020,45218,0
6/4/2020,45218,0
6/5/2020,45218,0
6/6/2020,45218,0
6/7/2020,45218,0
6/8/2020,45218,0
6/9/2020,45218,0
6/10/2020,45218,0
6/11/2020,45218,0
6/12/2020,45218,0
6/13/2020,45218,0
6/14/2020,45218,0
6/15/2020,45218,0
6/16/2020,45218,0
6/17/2020,45218,0
6/18/2020,45218,0
6/19/2020,45218,0
6/20/2020,45218,0
6/21/2020,45218,0
6/22/2020,45218,0
6/23/2020,45218,0
6/24/2020,45218,0
6/25/2020,45218,0
6/26/2020,45218,0
6/27/2020,45218,0
6/28/2020,45218,0
6/29/2020,45218,0
6/30/2020,45218,1
7/1/2020,45218,0
7/2/2020,45218,0
7/3/2020,45218,0
7/4/2020,45218,0
7/5/2020,45218,0
7/6/2020,45218,0
7/7/2020,45218,1
7/8/2020,45218,0
7/9/2020,45218,0
7/10/2020,45218,0
7/11/2020,45218,0
7/12/2020,45218,0
7/13/2020,45218,0
7/14/2020,45218,0
7/15/2020,45218,0
7/16/2020,45218,0
7/17/2020,45218,1
7/18/2020,45218,0
7/19/2020,45218,0
7/20/2020,45218,0
7/21/2020,45218,0
7/22/2020,45218,1
7/23/2020,45218,2
7/24/2020,45218,2
7/25/2020,45218,0
7/26/2020,45218,0
7/27/2020,45218,0
5/29/2020,45219,0
5/30/2020,45219,0
5/31/2020,45219,0
6/1/2020,45219,0
6/2/2020,45219,0
6/3/2020,45219,0
6/4/2020,45219,1
6/5/2020,45219,0
6/6/2020,45219,-1
6/7/2020,45219,0
6/8/2020,45219,0
6/9/2020,45219,0
6/10/2020,45219,0
6/11/2020,45219,0
6/12/2020,45219,0
6/13/2020,45219,0
6/14/2020,45219,0
6/15/2020,45219,0
6/16/2020,45219,1
6/17/2020,45219,0
6/18/2020,45219,1
6/19/2020,45219,0
6/20/2020,45219,0
6/21/2020,45219,0
6/22/2020,45219,0
6/23/2020,45219,0
6/24/2020,45219,0
6/25/2020,45219,1
6/26/2020,45219,0
6/27/2020,45219,1
6/28/2020,45219,0
6/29/2020,45219,2
6/30/2020,45219,-1
7/1/2020,45219,0
7/2/2020,45219,0
7/3/2020,45219,0
7/4/2020,45219,0
7/5/2020,45219,0
7/6/2020,45219,0
7/7/2020,45219,0
7/8/2020,45219,0
7/9/2020,45219,0
7/10/2020,45219,0
7/11/2020,45219,0
7/12/2020,45219,0
7/13/2020,45219,0
7/14/2020,45219,0
7/15/2020,45219,0
7/16/2020,45219,0
7/17/2020,45219,0
7/18/2020,45219,0
7/19/2020,45219,0
7/20/2020,45219,0
7/21/2020,45219,0
7/22/2020,45219,1
7/23/2020,45219,0
7/24/2020,45219,0
7/25/2020,45219,0
7/26/2020,45219,0
7/27/2020,45219,0
5/29/2020,45220,0
5/30/2020,45220,0
5/31/2020,45220,0
6/1/2020,45220,0
6/2/2020,45220,0
6/3/2020,45220,0
6/4/2020,45220,0
6/5/2020,45220,0
6/6/2020,45220,0
6/7/2020,45220,0
6/8/2020,45220,0
6/9/2020,45220,0
6/10/2020,45220,0
6/11/2020,45220,0
6/12/2020,45220,0
6/13/2020,45220,0
6/14/2020,45220,0
6/15/2020,45220,0
6/16/2020,45220,0
6/17/2020,45220,0
6/18/2020,45220,0
6/19/2020,45220,0
6/20/2020,45220,0
6/21/2020,45220,0
6/22/2020,45220,0
6/23/2020,45220,0
6/24/2020,45220,0
6/25/2020,45220,0
6/26/2020,45220,0
6/27/2020,45220,0
6/28/2020,45220,0
6/29/2020,45220,0
6/30/2020,45220,0
7/1/2020,45220,1
7/2/2020,45220,0
7/3/2020,45220,0
7/4/2020,45220,0
7/5/2020,45220,0
7/6/2020,45220,0
7/7/2020,45220,0
7/8/2020,45220,0
7/9/2020,45220,0
7/10/2020,45220,0
7/11/2020,45220,0
7/12/2020,45220,0
7/13/2020,45220,0
7/14/2020,45220,0
7/15/2020,45220,0
7/16/2020,45220,0
7/17/2020,45220,0
7/18/2020,45220,0
7/19/2020,45220,0
7/20/2020,45220,0
7/21/2020,45220,0
7/22/2020,45220,0
7/23/2020,45220,0
7/24/2020,45220,0
7/25/2020,45220,0
7/26/2020,45220,0
7/27/2020,45220,0
5/29/2020,45221,0
5/30/2020,45221,0
5/31/2020,45221,0
6/1/2020,45221,0
6/2/2020,45221,0
6/3/2020,45221,0
6/4/2020,45221,0
6/5/2020,45221,0
6/6/2020,45221,0
6/7/2020,45221,0
6/8/2020,45221,0
6/9/2020,45221,0
6/10/2020,45221,0
6/11/2020,45221,0
6/12/2020,45221,0
6/13/2020,45221,0
6/14/2020,45221,0
6/15/2020,45221,0
6/16/2020,45221,0
6/17/2020,45221,0
6/18/2020,45221,0
6/19/2020,45221,0
6/20/2020,45221,0
6/21/2020,45221,0
6/22/2020,45221,0
6/23/2020,45221,0
6/24/2020,45221,0
6/25/2020,45221,0
6/26/2020,45221,0
6/27/2020,45221,0
6/28/2020,45221,0
6/29/2020,45221,0
6/30/2020,45221,0
7/1/2020,45221,0
7/2/2020,45221,0
7/3/2020,45221,0
7/4/2020,45221,0
7/5/2020,45221,0
7/6/2020,45221,0
7/7/2020,45221,0
7/8/2020,45221,1
7/9/2020,45221,0
7/10/2020,45221,0
7/11/2020,45221,-1
7/12/2020,45221,0
7/13/2020,45221,0
7/14/2020,45221,0
7/15/2020,45221,0
7/16/2020,45221,0
7/17/2020,45221,1
7/18/2020,45221,0
7/19/2020,45221,0
7/20/2020,45221,0
7/21/2020,45221,0
7/22/2020,45221,0
7/23/2020,45221,-1
7/24/2020,45221,0
7/25/2020,45221,0
7/26/2020,45221,0
7/27/2020,45221,0
5/29/2020,45223,1
5/30/2020,45223,0
5/31/2020,45223,0
6/1/2020,45223,0
6/2/2020,45223,0
6/3/2020,45223,0
6/4/2020,45223,0
6/5/2020,45223,0
6/6/2020,45223,0
6/7/2020,45223,0
6/8/2020,45223,0
6/9/2020,45223,0
6/10/2020,45223,0
6/11/2020,45223,0
6/12/2020,45223,0
6/13/2020,45223,0
6/14/2020,45223,0
6/15/2020,45223,0
6/16/2020,45223,0
6/17/2020,45223,1
6/18/2020,45223,0
6/19/2020,45223,1
6/20/2020,45223,0
6/21/2020,45223,0
6/22/2020,45223,0
6/23/2020,45223,0
6/24/2020,45223,1
6/25/2020,45223,0
6/26/2020,45223,0
6/27/2020,45223,0
6/28/2020,45223,0
6/29/2020,45223,0
6/30/2020,45223,2
7/1/2020,45223,2
7/2/2020,45223,0
7/3/2020,45223,0
7/4/2020,45223,0
7/5/2020,45223,0
7/6/2020,45223,0
7/7/2020,45223,0
7/8/2020,45223,0
7/9/2020,45223,0
7/10/2020,45223,0
7/11/2020,45223,0
7/12/2020,45223,0
7/13/2020,45223,0
7/14/2020,45223,0
7/15/2020,45223,0
7/16/2020,45223,0
7/17/2020,45223,0
7/18/2020,45223,0
7/19/2020,45223,-1
7/20/2020,45223,0
7/21/2020,45223,0
7/22/2020,45223,0
7/23/2020,45223,0
7/24/2020,45223,0
7/25/2020,45223,0
7/26/2020,45223,1
7/27/2020,45223,0
5/29/2020,45224,0
5/30/2020,45224,2
5/31/2020,45224,1
6/1/2020,45224,0
6/2/2020,45224,0
6/3/2020,45224,0
6/4/2020,45224,2
6/5/2020,45224,0
6/6/2020,45224,0
6/7/2020,45224,0
6/8/2020,45224,0
6/9/2020,45224,1
6/10/2020,45224,0
6/11/2020,45224,0
6/12/2020,45224,0
6/13/2020,45224,0
6/14/2020,45224,0
6/15/2020,45224,0
6/16/2020,45224,0
6/17/2020,45224,0
6/18/2020,45224,0
6/19/2020,45224,0
6/20/2020,45224,0
6/21/2020,45224,0
6/22/2020,45224,1
6/23/2020,45224,1
6/24/2020,45224,3
6/25/2020,45224,0
6/26/2020,45224,2
6/27/2020,45224,0
6/28/2020,45224,0
6/29/2020,45224,-1
6/30/2020,45224,1
7/1/2020,45224,1
7/2/2020,45224,0
7/3/2020,45224,1
7/4/2020,45224,-2
7/5/2020,45224,-1
7/6/2020,45224,0
7/7/2020,45224,1
7/8/2020,45224,2
7/9/2020,45224,0
7/10/2020,45224,0
7/11/2020,45224,0
7/12/2020,45224,0
7/13/2020,45224,0
7/14/2020,45224,0
7/15/2020,45224,0
7/16/2020,45224,0
7/17/2020,45224,4
7/18/2020,45224,1
7/19/2020,45224,2
7/20/2020,45224,0
7/21/2020,45224,0
7/22/2020,45224,2
7/23/2020,45224,2
7/24/2020,45224,3
7/25/2020,45224,0
7/26/2020,45224,0
7/27/2020,45224,1
5/29/2020,45225,0
5/30/2020,45225,0
5/31/2020,45225,0
6/1/2020,45225,0
6/2/2020,45225,0
6/3/2020,45225,0
6/4/2020,45225,0
6/5/2020,45225,0
6/6/2020,45225,0
6/7/2020,45225,0
6/8/2020,45225,0
6/9/2020,45225,0
6/10/2020,45225,0
6/11/2020,45225,0
6/12/2020,45225,1
6/13/2020,45225,1
6/14/2020,45225,0
6/15/2020,45225,1
6/16/2020,45225,0
6/17/2020,45225,0
6/18/2020,45225,0
6/19/2020,45225,0
6/20/2020,45225,0
6/21/2020,45225,0
6/22/2020,45225,0
6/23/2020,45225,0
6/24/2020,45225,0
6/25/2020,45225,0
6/26/2020,45225,0
6/27/2020,45225,1
6/28/2020,45225,0
6/29/2020,45225,0
6/30/2020,45225,1
7/1/2020,45225,0
7/2/2020,45225,0
7/3/2020,45225,0
7/4/2020,45225,0
7/5/2020,45225,0
7/6/2020,45225,0
7/7/2020,45225,0
7/8/2020,45225,0
7/9/2020,45225,0
7/10/2020,45225,0
7/11/2020,45225,0
7/12/2020,45225,0
7/13/2020,45225,0
7/14/2020,45225,0
7/15/2020,45225,0
7/16/2020,45225,0
7/17/2020,45225,0
7/18/2020,45225,0
7/19/2020,45225,0
7/20/2020,45225,0
7/21/2020,45225,0
7/22/2020,45225,0
7/23/2020,45225,0
7/24/2020,45225,0
7/25/2020,45225,0
7/26/2020,45225,0
7/27/2020,45225,0
5/29/2020,45226,0
5/30/2020,45226,0
5/31/2020,45226,0
6/1/2020,45226,0
6/2/2020,45226,0
6/3/2020,45226,0
6/4/2020,45226,0
6/5/2020,45226,0
6/6/2020,45226,0
6/7/2020,45226,0
6/8/2020,45226,0
6/9/2020,45226,0
6/10/2020,45226,0
6/11/2020,45226,1
6/12/2020,45226,0
6/13/2020,45226,0
6/14/2020,45226,0
6/15/2020,45226,0
6/16/2020,45226,0
6/17/2020,45226,0
6/18/2020,45226,0
6/19/2020,45226,0
6/20/2020,45226,0
6/21/2020,45226,0
6/22/2020,45226,0
6/23/2020,45226,0
6/24/2020,45226,0
6/25/2020,45226,0
6/26/2020,45226,0
6/27/2020,45226,0
6/28/2020,45226,0
6/29/2020,45226,0
6/30/2020,45226,0
7/1/2020,45226,0
7/2/2020,45226,0
7/3/2020,45226,0
7/4/2020,45226,0
7/5/2020,45226,0
7/6/2020,45226,0
7/7/2020,45226,0
7/8/2020,45226,0
7/9/2020,45226,0
7/10/2020,45226,0
7/11/2020,45226,0
7/12/2020,45226,0
7/13/2020,45226,0
7/14/2020,45226,0
7/15/2020,45226,0
7/16/2020,45226,0
7/17/2020,45226,0
7/18/2020,45226,0
7/19/2020,45226,0
7/20/2020,45226,0
7/21/2020,45226,0
7/22/2020,45226,0
7/23/2020,45226,0
7/24/2020,45226,0
7/25/2020,45226,0
7/26/2020,45226,0
7/27/2020,45226,0
5/29/2020,45227,1
5/30/2020,45227,0
5/31/2020,45227,0
6/1/2020,45227,0
6/2/2020,45227,0
6/3/2020,45227,0
6/4/2020,45227,0
6/5/2020,45227,1
6/6/2020,45227,0
6/7/2020,45227,0
6/8/2020,45227,0
6/9/2020,45227,0
6/10/2020,45227,0
6/11/2020,45227,0
6/12/2020,45227,1
6/13/2020,45227,0
6/14/2020,45227,0
6/15/2020,45227,0
6/16/2020,45227,1
6/17/2020,45227,0
6/18/2020,45227,0
6/19/2020,45227,0
6/20/2020,45227,0
6/21/2020,45227,0
6/22/2020,45227,0
6/23/2020,45227,1
6/24/2020,45227,1
6/25/2020,45227,0
6/26/2020,45227,0
6/27/2020,45227,0
6/28/2020,45227,0
6/29/2020,45227,0
6/30/2020,45227,0
7/1/2020,45227,1
7/2/2020,45227,1
7/3/2020,45227,0
7/4/2020,45227,0
7/5/2020,45227,0
7/6/2020,45227,0
7/7/2020,45227,0
7/8/2020,45227,0
7/9/2020,45227,0
7/10/2020,45227,0
7/11/2020,45227,0
7/12/2020,45227,0
7/13/2020,45227,0
7/14/2020,45227,0
7/15/2020,45227,0
7/16/2020,45227,0
7/17/2020,45227,1
7/18/2020,45227,1
7/19/2020,45227,2
7/20/2020,45227,0
7/21/2020,45227,0
7/22/2020,45227,0
7/23/2020,45227,6
7/24/2020,45227,1
7/25/2020,45227,0
7/26/2020,45227,0
7/27/2020,45227,0
5/29/2020,45229,0
5/30/2020,45229,-1
5/31/2020,45229,0
6/1/2020,45229,0
6/2/2020,45229,0
6/3/2020,45229,0
6/4/2020,45229,0
6/5/2020,45229,0
6/6/2020,45229,0
6/7/2020,45229,0
6/8/2020,45229,1
6/9/2020,45229,0
6/10/2020,45229,0
6/11/2020,45229,0
6/12/2020,45229,1
6/13/2020,45229,0
6/14/2020,45229,0
6/15/2020,45229,0
6/16/2020,45229,0
6/17/2020,45229,0
6/18/2020,45229,0
6/19/2020,45229,0
6/20/2020,45229,0
6/21/2020,45229,0
6/22/2020,45229,0
6/23/2020,45229,1
6/24/2020,45229,1
6/25/2020,45229,1
6/26/2020,45229,3
6/27/2020,45229,0
6/28/2020,45229,0
6/29/2020,45229,1
6/30/2020,45229,0
7/1/2020,45229,1
7/2/2020,45229,0
7/3/2020,45229,0
7/4/2020,45229,-1
7/5/2020,45229,1
7/6/2020,45229,0
7/7/2020,45229,0
7/8/2020,45229,0
7/9/2020,45229,0
7/10/2020,45229,0
7/11/2020,45229,0
7/12/2020,45229,0
7/13/2020,45229,0
7/14/2020,45229,0
7/15/2020,45229,0
7/16/2020,45229,0
7/17/2020,45229,0
7/18/2020,45229,0
7/19/2020,45229,0
7/20/2020,45229,0
7/21/2020,45229,0
7/22/2020,45229,0
7/23/2020,45229,0
7/24/2020,45229,0
7/25/2020,45229,0
7/26/2020,45229,0
7/27/2020,45229,0
5/29/2020,45230,0
5/30/2020,45230,-1
5/31/2020,45230,1
6/1/2020,45230,1
6/2/2020,45230,0
6/3/2020,45230,0
6/4/2020,45230,0
6/5/2020,45230,0
6/6/2020,45230,0
6/7/2020,45230,0
6/8/2020,45230,0
6/9/2020,45230,0
6/10/2020,45230,0
6/11/2020,45230,0
6/12/2020,45230,0
6/13/2020,45230,0
6/14/2020,45230,0
6/15/2020,45230,0
6/16/2020,45230,0
6/17/2020,45230,0
6/18/2020,45230,0
6/19/2020,45230,0
6/20/2020,45230,0
6/21/2020,45230,0
6/22/2020,45230,1
6/23/2020,45230,1
6/24/2020,45230,1
6/25/2020,45230,0
6/26/2020,45230,2
6/27/2020,45230,0
6/28/2020,45230,0
6/29/2020,45230,2
6/30/2020,45230,0
7/1/2020,45230,0
7/2/2020,45230,1
7/3/2020,45230,0
7/4/2020,45230,0
7/5/2020,45230,0
7/6/2020,45230,0
7/7/2020,45230,0
7/8/2020,45230,2
7/9/2020,45230,0
7/10/2020,45230,0
7/11/2020,45230,0
7/12/2020,45230,0
7/13/2020,45230,0
7/14/2020,45230,0
7/15/2020,45230,0
7/16/2020,45230,0
7/17/2020,45230,4
7/18/2020,45230,0
7/19/2020,45230,0
7/20/2020,45230,0
7/21/2020,45230,0
7/22/2020,45230,3
7/23/2020,45230,6
7/24/2020,45230,2
7/25/2020,45230,2
7/26/2020,45230,0
7/27/2020,45230,0
5/29/2020,45231,14
5/30/2020,45231,1
5/31/2020,45231,2
6/1/2020,45231,6
6/2/2020,45231,0
6/3/2020,45231,1
6/4/2020,45231,5
6/5/2020,45231,1
6/6/2020,45231,-1
6/7/2020,45231,0
6/8/2020,45231,0
6/9/2020,45231,7
6/10/2020,45231,0
6/11/2020,45231,-1
6/12/2020,45231,2
6/13/2020,45231,0
6/14/2020,45231,-1
6/15/2020,45231,2
6/16/2020,45231,4
6/17/2020,45231,1
6/18/2020,45231,6
6/19/2020,45231,4
6/20/2020,45231,0
6/21/2020,45231,0
6/22/2020,45231,4
6/23/2020,45231,7
6/24/2020,45231,3
6/25/2020,45231,3
6/26/2020,45231,0
6/27/2020,45231,-4
6/28/2020,45231,0
6/29/2020,45231,4
6/30/2020,45231,0
7/1/2020,45231,2
7/2/2020,45231,1
7/3/2020,45231,6
7/4/2020,45231,2
7/5/2020,45231,7
7/6/2020,45231,0
7/7/2020,45231,20
7/8/2020,45231,17
7/9/2020,45231,0
7/10/2020,45231,11
7/11/2020,45231,-3
7/12/2020,45231,0
7/13/2020,45231,0
7/14/2020,45231,1
7/15/2020,45231,0
7/16/2020,45231,0
7/17/2020,45231,39
7/18/2020,45231,0
7/19/2020,45231,12
7/20/2020,45231,0
7/21/2020,45231,2
7/22/2020,45231,16
7/23/2020,45231,25
7/24/2020,45231,28
7/25/2020,45231,2
7/26/2020,45231,-1
7/27/2020,45231,-1
5/29/2020,45232,0
5/30/2020,45232,0
5/31/2020,45232,0
6/1/2020,45232,0
6/2/2020,45232,0
6/3/2020,45232,0
6/4/2020,45232,0
6/5/2020,45232,0
6/6/2020,45232,0
6/7/2020,45232,0
6/8/2020,45232,0
6/9/2020,45232,0
6/10/2020,45232,1
6/11/2020,45232,0
6/12/2020,45232,0
6/13/2020,45232,0
6/14/2020,45232,0
6/15/2020,45232,0
6/16/2020,45232,0
6/17/2020,45232,0
6/18/2020,45232,0
6/19/2020,45232,0
6/20/2020,45232,0
6/21/2020,45232,0
6/22/2020,45232,1
6/23/2020,45232,0
6/24/2020,45232,0
6/25/2020,45232,1
6/26/2020,45232,0
6/27/2020,45232,0
6/28/2020,45232,0
6/29/2020,45232,0
6/30/2020,45232,0
7/1/2020,45232,0
7/2/2020,45232,0
7/3/2020,45232,0
7/4/2020,45232,0
7/5/2020,45232,0
7/6/2020,45232,0
7/7/2020,45232,0
7/8/2020,45232,-1
7/9/2020,45232,0
7/10/2020,45232,0
7/11/2020,45232,0
7/12/2020,45232,0
7/13/2020,45232,0
7/14/2020,45232,0
7/15/2020,45232,0
7/16/2020,45232,0
7/17/2020,45232,0
7/18/2020,45232,0
7/19/2020,45232,0
7/20/2020,45232,0
7/21/2020,45232,0
7/22/2020,45232,0
7/23/2020,45232,0
7/24/2020,45232,0
7/25/2020,45232,0
7/26/2020,45232,0
7/27/2020,45232,0
5/29/2020,45233,1
5/30/2020,45233,2
5/31/2020,45233,0
6/1/2020,45233,0
6/2/2020,45233,0
6/3/2020,45233,0
6/4/2020,45233,0
6/5/2020,45233,0
6/6/2020,45233,0
6/7/2020,45233,0
6/8/2020,45233,0
6/9/2020,45233,0
6/10/2020,45233,0
6/11/2020,45233,0
6/12/2020,45233,0
6/13/2020,45233,0
6/14/2020,45233,0
6/15/2020,45233,0
6/16/2020,45233,1
6/17/2020,45233,0
6/18/2020,45233,0
6/19/2020,45233,0
6/20/2020,45233,0
6/21/2020,45233,0
6/22/2020,45233,0
6/23/2020,45233,0
6/24/2020,45233,0
6/25/2020,45233,0
6/26/2020,45233,0
6/27/2020,45233,0
6/28/2020,45233,0
6/29/2020,45233,0
6/30/2020,45233,0
7/1/2020,45233,0
7/2/2020,45233,0
7/3/2020,45233,0
7/4/2020,45233,0
7/5/2020,45233,0
7/6/2020,45233,0
7/7/2020,45233,1
7/8/2020,45233,1
7/9/2020,45233,0
7/10/2020,45233,0
7/11/2020,45233,0
7/12/2020,45233,0
7/13/2020,45233,0
7/14/2020,45233,0
7/15/2020,45233,0
7/16/2020,45233,0
7/17/2020,45233,1
7/18/2020,45233,0
7/19/2020,45233,2
7/20/2020,45233,0
7/21/2020,45233,3
7/22/2020,45233,8
7/23/2020,45233,9
7/24/2020,45233,12
7/25/2020,45233,3
7/26/2020,45233,0
7/27/2020,45233,0
5/29/2020,45236,6
5/30/2020,45236,0
5/31/2020,45236,-1
6/1/2020,45236,0
6/2/2020,45236,0
6/3/2020,45236,0
6/4/2020,45236,0
6/5/2020,45236,3
6/6/2020,45236,0
6/7/2020,45236,0
6/8/2020,45236,0
6/9/2020,45236,0
6/10/2020,45236,-1
6/11/2020,45236,0
6/12/2020,45236,1
6/13/2020,45236,0
6/14/2020,45236,0
6/15/2020,45236,0
6/16/2020,45236,3
6/17/2020,45236,0
6/18/2020,45236,1
6/19/2020,45236,0
6/20/2020,45236,0
6/21/2020,45236,0
6/22/2020,45236,0
6/23/2020,45236,0
6/24/2020,45236,3
6/25/2020,45236,0
6/26/2020,45236,0
6/27/2020,45236,0
6/28/2020,45236,0
6/29/2020,45236,0
6/30/2020,45236,0
7/1/2020,45236,1
7/2/2020,45236,0
7/3/2020,45236,1
7/4/2020,45236,1
7/5/2020,45236,0
7/6/2020,45236,0
7/7/2020,45236,1
7/8/2020,45236,5
7/9/2020,45236,-1
7/10/2020,45236,1
7/11/2020,45236,0
7/12/2020,45236,0
7/13/2020,45236,0
7/14/2020,45236,0
7/15/2020,45236,0
7/16/2020,45236,0
7/17/2020,45236,4
7/18/2020,45236,0
7/19/2020,45236,1
7/20/2020,45236,-1
7/21/2020,45236,2
7/22/2020,45236,1
7/23/2020,45236,4
7/24/2020,45236,7
7/25/2020,45236,-1
7/26/2020,45236,0
7/27/2020,45236,0
5/29/2020,45237,3
5/30/2020,45237,0
5/31/2020,45237,0
6/1/2020,45237,0
6/2/2020,45237,0
6/3/2020,45237,0
6/4/2020,45237,0
6/5/2020,45237,1
6/6/2020,45237,0
6/7/2020,45237,0
6/8/2020,45237,0
6/9/2020,45237,0
6/10/2020,45237,0
6/11/2020,45237,0
6/12/2020,45237,2
6/13/2020,45237,0
6/14/2020,45237,0
6/15/2020,45237,0
6/16/2020,45237,0
6/17/2020,45237,0
6/18/2020,45237,0
6/19/2020,45237,0
6/20/2020,45237,0
6/21/2020,45237,0
6/22/2020,45237,0
6/23/2020,45237,2
6/24/2020,45237,2
6/25/2020,45237,0
6/26/2020,45237,0
6/27/2020,45237,1
6/28/2020,45237,0
6/29/2020,45237,0
6/30/2020,45237,0
7/1/2020,45237,5
7/2/2020,45237,0
7/3/2020,45237,1
7/4/2020,45237,1
7/5/2020,45237,0
7/6/2020,45237,0
7/7/2020,45237,2
7/8/2020,45237,5
7/9/2020,45237,0
7/10/2020,45237,3
7/11/2020,45237,1
7/12/2020,45237,-1
7/13/2020,45237,0
7/14/2020,45237,0
7/15/2020,45237,0
7/16/2020,45237,1
7/17/2020,45237,2
7/18/2020,45237,0
7/19/2020,45237,1
7/20/2020,45237,0
7/21/2020,45237,0
7/22/2020,45237,4
7/23/2020,45237,6
7/24/2020,45237,9
7/25/2020,45237,1
7/26/2020,45237,0
7/27/2020,45237,0
5/29/2020,45238,7
5/30/2020,45238,0
5/31/2020,45238,0
6/1/2020,45238,2
6/2/2020,45238,0
6/3/2020,45238,0
6/4/2020,45238,2
6/5/2020,45238,1
6/6/2020,45238,0
6/7/2020,45238,0
6/8/2020,45238,1
6/9/2020,45238,2
6/10/2020,45238,1
6/11/2020,45238,0
6/12/2020,45238,2
6/13/2020,45238,0
6/14/2020,45238,0
6/15/2020,45238,1
6/16/2020,45238,0
6/17/2020,45238,0
6/18/2020,45238,0
6/19/2020,45238,1
6/20/2020,45238,0
6/21/2020,45238,0
6/22/2020,45238,1
6/23/2020,45238,1
6/24/2020,45238,5
6/25/2020,45238,1
6/26/2020,45238,1
6/27/2020,45238,1
6/28/2020,45238,0
6/29/2020,45238,4
6/30/2020,45238,-1
7/1/2020,45238,2
7/2/2020,45238,0
7/3/2020,45238,0
7/4/2020,45238,2
7/5/2020,45238,-2
7/6/2020,45238,0
7/7/2020,45238,5
7/8/2020,45238,-1
7/9/2020,45238,0
7/10/2020,45238,0
7/11/2020,45238,0
7/12/2020,45238,-1
7/13/2020,45238,0
7/14/2020,45238,0
7/15/2020,45238,0
7/16/2020,45238,0
7/17/2020,45238,5
7/18/2020,45238,1
7/19/2020,45238,4
7/20/2020,45238,0
7/21/2020,45238,5
7/22/2020,45238,4
7/23/2020,45238,13
7/24/2020,45238,15
7/25/2020,45238,4
7/26/2020,45238,-1
7/27/2020,45238,0
5/29/2020,45239,12
5/30/2020,45239,1
5/31/2020,45239,-1
6/1/2020,45239,8
6/2/2020,45239,1
6/3/2020,45239,0
6/4/2020,45239,3
6/5/2020,45239,2
6/6/2020,45239,-2
6/7/2020,45239,0
6/8/2020,45239,0
6/9/2020,45239,-1
6/10/2020,45239,1
6/11/2020,45239,1
6/12/2020,45239,4
6/13/2020,45239,0
6/14/2020,45239,-1
6/15/2020,45239,1
6/16/2020,45239,1
6/17/2020,45239,1
6/18/2020,45239,1
6/19/2020,45239,1
6/20/2020,45239,0
6/21/2020,45239,0
6/22/2020,45239,1
6/23/2020,45239,2
6/24/2020,45239,1
6/25/2020,45239,0
6/26/2020,45239,0
6/27/2020,45239,0
6/28/2020,45239,0
6/29/2020,45239,1
6/30/2020,45239,0
7/1/2020,45239,2
7/2/2020,45239,0
7/3/2020,45239,0
7/4/2020,45239,5
7/5/2020,45239,2
7/6/2020,45239,0
7/7/2020,45239,10
7/8/2020,45239,3
7/9/2020,45239,0
7/10/2020,45239,5
7/11/2020,45239,0
7/12/2020,45239,-1
7/13/2020,45239,0
7/14/2020,45239,0
7/15/2020,45239,0
7/16/2020,45239,0
7/17/2020,45239,12
7/18/2020,45239,0
7/19/2020,45239,7
7/20/2020,45239,0
7/21/2020,45239,3
7/22/2020,45239,11
7/23/2020,45239,4
7/24/2020,45239,12
7/25/2020,45239,1
7/26/2020,45239,-1
7/27/2020,45239,0
5/29/2020,45240,21
5/30/2020,45240,2
5/31/2020,45240,6
6/1/2020,45240,12
6/2/2020,45240,4
6/3/2020,45240,1
6/4/2020,45240,4
6/5/2020,45240,1
6/6/2020,45240,-1
6/7/2020,45240,0
6/8/2020,45240,4
6/9/2020,45240,4
6/10/2020,45240,2
6/11/2020,45240,-1
6/12/2020,45240,2
6/13/2020,45240,0
6/14/2020,45240,0
6/15/2020,45240,2
6/16/2020,45240,5
6/17/2020,45240,2
6/18/2020,45240,4
6/19/2020,45240,4
6/20/2020,45240,1
6/21/2020,45240,0
6/22/2020,45240,4
6/23/2020,45240,2
6/24/2020,45240,3
6/25/2020,45240,0
6/26/2020,45240,1
6/27/2020,45240,-1
6/28/2020,45240,0
6/29/2020,45240,2
6/30/2020,45240,0
7/1/2020,45240,3
7/2/2020,45240,6
7/3/2020,45240,3
7/4/2020,45240,2
7/5/2020,45240,1
7/6/2020,45240,0
7/7/2020,45240,13
7/8/2020,45240,8
7/9/2020,45240,0
7/10/2020,45240,11
7/11/2020,45240,-2
7/12/2020,45240,-2
7/13/2020,45240,0
7/14/2020,45240,1
7/15/2020,45240,0
7/16/2020,45240,3
7/17/2020,45240,28
7/18/2020,45240,1
7/19/2020,45240,7
7/20/2020,45240,0
7/21/2020,45240,9
7/22/2020,45240,25
7/23/2020,45240,16
7/24/2020,45240,19
7/25/2020,45240,6
7/26/2020,45240,-1
7/27/2020,45240,0
5/29/2020,45241,6
5/30/2020,45241,0
5/31/2020,45241,0
6/1/2020,45241,-1
6/2/2020,45241,1
6/3/2020,45241,0
6/4/2020,45241,3
6/5/2020,45241,1
6/6/2020,45241,0
6/7/2020,45241,-1
6/8/2020,45241,0
6/9/2020,45241,0
6/10/2020,45241,0
6/11/2020,45241,0
6/12/2020,45241,0
6/13/2020,45241,1
6/14/2020,45241,0
6/15/2020,45241,0
6/16/2020,45241,1
6/17/2020,45241,0
6/18/2020,45241,0
6/19/2020,45241,0
6/20/2020,45241,0
6/21/2020,45241,0
6/22/2020,45241,0
6/23/2020,45241,0
6/24/2020,45241,0
6/25/2020,45241,0
6/26/2020,45241,0
6/27/2020,45241,0
6/28/2020,45241,0
6/29/2020,45241,0
6/30/2020,45241,0
7/1/2020,45241,1
7/2/2020,45241,2
7/3/2020,45241,-1
7/4/2020,45241,0
7/5/2020,45241,0
7/6/2020,45241,0
7/7/2020,45241,2
7/8/2020,45241,1
7/9/2020,45241,0
7/10/2020,45241,1
7/11/2020,45241,0
7/12/2020,45241,0
7/13/2020,45241,0
7/14/2020,45241,0
7/15/2020,45241,0
7/16/2020,45241,0
7/17/2020,45241,2
7/18/2020,45241,0
7/19/2020,45241,6
7/20/2020,45241,0
7/21/2020,45241,0
7/22/2020,45241,1
7/23/2020,45241,4
7/24/2020,45241,2
7/25/2020,45241,1
7/26/2020,45241,0
7/27/2020,45241,0
5/29/2020,45242,1
5/30/2020,45242,0
5/31/2020,45242,0
6/1/2020,45242,1
6/2/2020,45242,2
6/3/2020,45242,2
6/4/2020,45242,0
6/5/2020,45242,5
6/6/2020,45242,0
6/7/2020,45242,0
6/8/2020,45242,0
6/9/2020,45242,0
6/10/2020,45242,-1
6/11/2020,45242,0
6/12/2020,45242,0
6/13/2020,45242,0
6/14/2020,45242,0
6/15/2020,45242,0
6/16/2020,45242,0
6/17/2020,45242,0
6/18/2020,45242,0
6/19/2020,45242,-1
6/20/2020,45242,0
6/21/2020,45242,0
6/22/2020,45242,0
6/23/2020,45242,0
6/24/2020,45242,0
6/25/2020,45242,0
6/26/2020,45242,0
6/27/2020,45242,0
6/28/2020,45242,0
6/29/2020,45242,0
6/30/2020,45242,0
7/1/2020,45242,0
7/2/2020,45242,0
7/3/2020,45242,0
7/4/2020,45242,0
7/5/2020,45242,0
7/6/2020,45242,0
7/7/2020,45242,1
7/8/2020,45242,2
7/9/2020,45242,0
7/10/2020,45242,0
7/11/2020,45242,0
7/12/2020,45242,0
7/13/2020,45242,0
7/14/2020,45242,0
7/15/2020,45242,1
7/16/2020,45242,0
7/17/2020,45242,8
7/18/2020,45242,0
7/19/2020,45242,2
7/20/2020,45242,0
7/21/2020,45242,2
7/22/2020,45242,7
7/23/2020,45242,6
7/24/2020,45242,8
7/25/2020,45242,2
7/26/2020,45242,0
7/27/2020,45242,0
5/29/2020,45243,1
5/30/2020,45243,1
5/31/2020,45243,0
6/1/2020,45243,0
6/2/2020,45243,-1
6/3/2020,45243,0
6/4/2020,45243,1
6/5/2020,45243,0
6/6/2020,45243,0
6/7/2020,45243,0
6/8/2020,45243,0
6/9/2020,45243,0
6/10/2020,45243,0
6/11/2020,45243,0
6/12/2020,45243,1
6/13/2020,45243,0
6/14/2020,45243,0
6/15/2020,45243,0
6/16/2020,45243,1
6/17/2020,45243,0
6/18/2020,45243,0
6/19/2020,45243,0
6/20/2020,45243,0
6/21/2020,45243,0
6/22/2020,45243,0
6/23/2020,45243,0
6/24/2020,45243,0
6/25/2020,45243,0
6/26/2020,45243,0
6/27/2020,45243,0
6/28/2020,45243,0
6/29/2020,45243,0
6/30/2020,45243,-1
7/1/2020,45243,0
7/2/2020,45243,0
7/3/2020,45243,0
7/4/2020,45243,0
7/5/2020,45243,0
7/6/2020,45243,0
7/7/2020,45243,0
7/8/2020,45243,0
7/9/2020,45243,0
7/10/2020,45243,0
7/11/2020,45243,0
7/12/2020,45243,0
7/13/2020,45243,0
7/14/2020,45243,1
7/15/2020,45243,0
7/16/2020,45243,0
7/17/2020,45243,1
7/18/2020,45243,0
7/19/2020,45243,0
7/20/2020,45243,0
7/21/2020,45243,1
7/22/2020,45243,0
7/23/2020,45243,3
7/24/2020,45243,3
7/25/2020,45243,0
7/26/2020,45243,0
7/27/2020,45243,0
5/29/2020,45244,0
5/30/2020,45244,1
5/31/2020,45244,0
6/1/2020,45244,0
6/2/2020,45244,0
6/3/2020,45244,0
6/4/2020,45244,1
6/5/2020,45244,0
6/6/2020,45244,0
6/7/2020,45244,0
6/8/2020,45244,0
6/9/2020,45244,0
6/10/2020,45244,0
6/11/2020,45244,0
6/12/2020,45244,0
6/13/2020,45244,0
6/14/2020,45244,0
6/15/2020,45244,0
6/16/2020,45244,0
6/17/2020,45244,0
6/18/2020,45244,1
6/19/2020,45244,0
6/20/2020,45244,0
6/21/2020,45244,0
6/22/2020,45244,1
6/23/2020,45244,0
6/24/2020,45244,1
6/25/2020,45244,0
6/26/2020,45244,0
6/27/2020,45244,0
6/28/2020,45244,0
6/29/2020,45244,0
6/30/2020,45244,-1
7/1/2020,45244,0
7/2/2020,45244,0
7/3/2020,45244,1
7/4/2020,45244,0
7/5/2020,45244,0
7/6/2020,45244,0
7/7/2020,45244,0
7/8/2020,45244,1
7/9/2020,45244,0
7/10/2020,45244,0
7/11/2020,45244,0
7/12/2020,45244,0
7/13/2020,45244,0
7/14/2020,45244,0
7/15/2020,45244,0
7/16/2020,45244,0
7/17/2020,45244,1
7/18/2020,45244,0
7/19/2020,45244,2
7/20/2020,45244,0
7/21/2020,45244,1
7/22/2020,45244,0
7/23/2020,45244,4
7/24/2020,45244,3
7/25/2020,45244,0
7/26/2020,45244,0
7/27/2020,45244,0
5/29/2020,45246,5
5/30/2020,45246,1
5/31/2020,45246,0
6/1/2020,45246,0
6/2/2020,45246,0
6/3/2020,45246,2
6/4/2020,45246,1
6/5/2020,45246,0
6/6/2020,45246,-2
6/7/2020,45246,0
6/8/2020,45246,1
6/9/2020,45246,2
6/10/2020,45246,-1
6/11/2020,45246,1
6/12/2020,45246,3
6/13/2020,45246,0
6/14/2020,45246,0
6/15/2020,45246,0
6/16/2020,45246,7
6/17/2020,45246,1
6/18/2020,45246,0
6/19/2020,45246,0
6/20/2020,45246,0
6/21/2020,45246,0
6/22/2020,45246,0
6/23/2020,45246,3
6/24/2020,45246,0
6/25/2020,45246,2
6/26/2020,45246,1
6/27/2020,45246,0
6/28/2020,45246,0
6/29/2020,45246,4
6/30/2020,45246,-1
7/1/2020,45246,8
7/2/2020,45246,-1
7/3/2020,45246,14
7/4/2020,45246,0
7/5/2020,45246,6
7/6/2020,45246,0
7/7/2020,45246,6
7/8/2020,45246,1
7/9/2020,45246,5
7/10/2020,45246,0
7/11/2020,45246,-1
7/12/2020,45246,-1
7/13/2020,45246,0
7/14/2020,45246,4
7/15/2020,45246,0
7/16/2020,45246,4
7/17/2020,45246,1
7/18/2020,45246,1
7/19/2020,45246,0
7/20/2020,45246,1
7/21/2020,45246,2
7/22/2020,45246,5
7/23/2020,45246,1
7/24/2020,45246,6
7/25/2020,45246,0
7/26/2020,45246,0
7/27/2020,45246,0
5/29/2020,45247,4
5/30/2020,45247,0
5/31/2020,45247,3
6/1/2020,45247,2
6/2/2020,45247,-1
6/3/2020,45247,-1
6/4/2020,45247,0
6/5/2020,45247,-1
6/6/2020,45247,-1
6/7/2020,45247,0
6/8/2020,45247,0
6/9/2020,45247,0
6/10/2020,45247,0
6/11/2020,45247,0
6/12/2020,45247,0
6/13/2020,45247,0
6/14/2020,45247,0
6/15/2020,45247,0
6/16/2020,45247,1
6/17/2020,45247,0
6/18/2020,45247,0
6/19/2020,45247,0
6/20/2020,45247,1
6/21/2020,45247,0
6/22/2020,45247,2
6/23/2020,45247,1
6/24/2020,45247,0
6/25/2020,45247,0
6/26/2020,45247,0
6/27/2020,45247,0
6/28/2020,45247,0
6/29/2020,45247,0
6/30/2020,45247,0
7/1/2020,45247,-1
7/2/2020,45247,2
7/3/2020,45247,-1
7/4/2020,45247,0
7/5/2020,45247,1
7/6/2020,45247,0
7/7/2020,45247,4
7/8/2020,45247,3
7/9/2020,45247,0
7/10/2020,45247,5
7/11/2020,45247,0
7/12/2020,45247,0
7/13/2020,45247,0
7/14/2020,45247,0
7/15/2020,45247,0
7/16/2020,45247,0
7/17/2020,45247,5
7/18/2020,45247,0
7/19/2020,45247,1
7/20/2020,45247,0
7/21/2020,45247,4
7/22/2020,45247,6
7/23/2020,45247,10
7/24/2020,45247,16
7/25/2020,45247,5
7/26/2020,45247,0
7/27/2020,45247,0
5/29/2020,45248,3
5/30/2020,45248,0
5/31/2020,45248,0
6/1/2020,45248,2
6/2/2020,45248,-2
6/3/2020,45248,0
6/4/2020,45248,1
6/5/2020,45248,1
6/6/2020,45248,-1
6/7/2020,45248,0
6/8/2020,45248,0
6/9/2020,45248,0
6/10/2020,45248,1
6/11/2020,45248,0
6/12/2020,45248,0
6/13/2020,45248,0
6/14/2020,45248,0
6/15/2020,45248,0
6/16/2020,45248,0
6/17/2020,45248,0
6/18/2020,45248,0
6/19/2020,45248,1
6/20/2020,45248,1
6/21/2020,45248,0
6/22/2020,45248,1
6/23/2020,45248,0
6/24/2020,45248,0
6/25/2020,45248,0
6/26/2020,45248,0
6/27/2020,45248,0
6/28/2020,45248,0
6/29/2020,45248,0
6/30/2020,45248,0
7/1/2020,45248,0
7/2/2020,45248,0
7/3/2020,45248,-1
7/4/2020,45248,0
7/5/2020,45248,0
7/6/2020,45248,0
7/7/2020,45248,1
7/8/2020,45248,2
7/9/2020,45248,0
7/10/2020,45248,0
7/11/2020,45248,0
7/12/2020,45248,0
7/13/2020,45248,0
7/14/2020,45248,0
7/15/2020,45248,0
7/16/2020,45248,0
7/17/2020,45248,6
7/18/2020,45248,-1
7/19/2020,45248,1
7/20/2020,45248,-3
7/21/2020,45248,5
7/22/2020,45248,4
7/23/2020,45248,16
7/24/2020,45248,6
7/25/2020,45248,6
7/26/2020,45248,0
7/27/2020,45248,0
5/29/2020,45249,1
5/30/2020,45249,0
5/31/2020,45249,0
6/1/2020,45249,1
6/2/2020,45249,-1
6/3/2020,45249,0
6/4/2020,45249,0
6/5/2020,45249,1
6/6/2020,45249,-1
6/7/2020,45249,0
6/8/2020,45249,0
6/9/2020,45249,0
6/10/2020,45249,0
6/11/2020,45249,1
6/12/2020,45249,0
6/13/2020,45249,0
6/14/2020,45249,0
6/15/2020,45249,0
6/16/2020,45249,1
6/17/2020,45249,0
6/18/2020,45249,0
6/19/2020,45249,0
6/20/2020,45249,0
6/21/2020,45249,0
6/22/2020,45249,0
6/23/2020,45249,0
6/24/2020,45249,0
6/25/2020,45249,0
6/26/2020,45249,0
6/27/2020,45249,0
6/28/2020,45249,0
6/29/2020,45249,0
6/30/2020,45249,0
7/1/2020,45249,0
7/2/2020,45249,0
7/3/2020,45249,0
7/4/2020,45249,0
7/5/2020,45249,0
7/6/2020,45249,0
7/7/2020,45249,1
7/8/2020,45249,1
7/9/2020,45249,0
7/10/2020,45249,0
7/11/2020,45249,0
7/12/2020,45249,0
7/13/2020,45249,0
7/14/2020,45249,0
7/15/2020,45249,0
7/16/2020,45249,1
7/17/2020,45249,3
7/18/2020,45249,0
7/19/2020,45249,3
7/20/2020,45249,0
7/21/2020,45249,0
7/22/2020,45249,1
7/23/2020,45249,1
7/24/2020,45249,5
7/25/2020,45249,1
7/26/2020,45249,0
7/27/2020,45249,0
5/29/2020,45251,1
5/30/2020,45251,2
5/31/2020,45251,1
6/1/2020,45251,5
6/2/2020,45251,-1
6/3/2020,45251,-1
6/4/2020,45251,0
6/5/2020,45251,0
6/6/2020,45251,0
6/7/2020,45251,0
6/8/2020,45251,0
6/9/2020,45251,2
6/10/2020,45251,3
6/11/2020,45251,1
6/12/2020,45251,1
6/13/2020,45251,0
6/14/2020,45251,0
6/15/2020,45251,0
6/16/2020,45251,-1
6/17/2020,45251,0
6/18/2020,45251,0
6/19/2020,45251,1
6/20/2020,45251,0
6/21/2020,45251,0
6/22/2020,45251,0
6/23/2020,45251,4
6/24/2020,45251,0
6/25/2020,45251,0
6/26/2020,45251,0
6/27/2020,45251,-1
6/28/2020,45251,0
6/29/2020,45251,0
6/30/2020,45251,0
7/1/2020,45251,1
7/2/2020,45251,4
7/3/2020,45251,1
7/4/2020,45251,1
7/5/2020,45251,1
7/6/2020,45251,0
7/7/2020,45251,9
7/8/2020,45251,3
7/9/2020,45251,-1
7/10/2020,45251,3
7/11/2020,45251,0
7/12/2020,45251,0
7/13/2020,45251,0
7/14/2020,45251,0
7/15/2020,45251,-1
7/16/2020,45251,-1
7/17/2020,45251,9
7/18/2020,45251,-1
7/19/2020,45251,7
7/20/2020,45251,1
7/21/2020,45251,2
7/22/2020,45251,10
7/23/2020,45251,12
7/24/2020,45251,19
7/25/2020,45251,4
7/26/2020,45251,-1
7/27/2020,45251,0
5/29/2020,45252,0
5/30/2020,45252,0
5/31/2020,45252,0
6/1/2020,45252,0
6/2/2020,45252,-1
6/3/2020,45252,0
6/4/2020,45252,0
6/5/2020,45252,0
6/6/2020,45252,0
6/7/2020,45252,0
6/8/2020,45252,0
6/9/2020,45252,0
6/10/2020,45252,0
6/11/2020,45252,0
6/12/2020,45252,0
6/13/2020,45252,0
6/14/2020,45252,0
6/15/2020,45252,0
6/16/2020,45252,0
6/17/2020,45252,0
6/18/2020,45252,0
6/19/2020,45252,0
6/20/2020,45252,1
6/21/2020,45252,0
6/22/2020,45252,0
6/23/2020,45252,1
6/24/2020,45252,1
6/25/2020,45252,0
6/26/2020,45252,0
6/27/2020,45252,0
6/28/2020,45252,0
6/29/2020,45252,0
6/30/2020,45252,0
7/1/2020,45252,0
7/2/2020,45252,0
7/3/2020,45252,0
7/4/2020,45252,0
7/5/2020,45252,0
7/6/2020,45252,0
7/7/2020,45252,0
7/8/2020,45252,0
7/9/2020,45252,-1
7/10/2020,45252,1
7/11/2020,45252,0
7/12/2020,45252,0
7/13/2020,45252,0
7/14/2020,45252,0
7/15/2020,45252,0
7/16/2020,45252,0
7/17/2020,45252,1
7/18/2020,45252,0
7/19/2020,45252,1
7/20/2020,45252,0
7/21/2020,45252,1
7/22/2020,45252,0
7/23/2020,45252,4
7/24/2020,45252,2
7/25/2020,45252,0
7/26/2020,45252,0
7/27/2020,45252,0
5/29/2020,45255,1
5/30/2020,45255,1
5/31/2020,45255,0
6/1/2020,45255,1
6/2/2020,45255,0
6/3/2020,45255,0
6/4/2020,45255,1
6/5/2020,45255,0
6/6/2020,45255,0
6/7/2020,45255,0
6/8/2020,45255,0
6/9/2020,45255,0
6/10/2020,45255,0
6/11/2020,45255,0
6/12/2020,45255,0
6/13/2020,45255,0
6/14/2020,45255,0
6/15/2020,45255,0
6/16/2020,45255,2
6/17/2020,45255,0
6/18/2020,45255,0
6/19/2020,45255,1
6/20/2020,45255,0
6/21/2020,45255,0
6/22/2020,45255,0
6/23/2020,45255,0
6/24/2020,45255,0
6/25/2020,45255,0
6/26/2020,45255,-1
6/27/2020,45255,0
6/28/2020,45255,0
6/29/2020,45255,0
6/30/2020,45255,0
7/1/2020,45255,0
7/2/2020,45255,0
7/3/2020,45255,0
7/4/2020,45255,1
7/5/2020,45255,0
7/6/2020,45255,0
7/7/2020,45255,1
7/8/2020,45255,1
7/9/2020,45255,0
7/10/2020,45255,1
7/11/2020,45255,0
7/12/2020,45255,0
7/13/2020,45255,0
7/14/2020,45255,0
7/15/2020,45255,0
7/16/2020,45255,0
7/17/2020,45255,2
7/18/2020,45255,0
7/19/2020,45255,0
7/20/2020,45255,0
7/21/2020,45255,0
7/22/2020,45255,2
7/23/2020,45255,4
7/24/2020,45255,2
7/25/2020,45255,1
7/26/2020,45255,0
7/27/2020,45255,0
5/29/2020,45322,0
5/30/2020,45322,0
5/31/2020,45322,0
6/1/2020,45322,0
6/2/2020,45322,0
6/3/2020,45322,0
6/4/2020,45322,0
6/5/2020,45322,0
6/6/2020,45322,0
6/7/2020,45322,0
6/8/2020,45322,0
6/9/2020,45322,0
6/10/2020,45322,0
6/11/2020,45322,0
6/12/2020,45322,0
6/13/2020,45322,0
6/14/2020,45322,0
6/15/2020,45322,0
6/16/2020,45322,0
6/17/2020,45322,0
6/18/2020,45322,0
6/19/2020,45322,0
6/20/2020,45322,0
6/21/2020,45322,0
6/22/2020,45322,0
6/23/2020,45322,0
6/24/2020,45322,0
6/25/2020,45322,0
6/26/2020,45322,0
6/27/2020,45322,0
6/28/2020,45322,0
6/29/2020,45322,0
6/30/2020,45322,0
7/1/2020,45322,0
7/2/2020,45322,0
7/3/2020,45322,0
7/4/2020,45322,0
7/5/2020,45322,0
7/6/2020,45322,0
7/7/2020,45322,0
7/8/2020,45322,0
7/9/2020,45322,0
7/10/2020,45322,0
7/11/2020,45322,0
7/12/2020,45322,0
7/13/2020,45322,1
7/14/2020,45322,0
7/15/2020,45322,0
7/16/2020,45322,0
7/17/2020,45322,0
7/18/2020,45322,0
7/19/2020,45322,0
7/20/2020,45322,0
7/21/2020,45322,0
7/22/2020,45322,-1
7/23/2020,45322,0
7/24/2020,45322,0
7/25/2020,45322,0
7/26/2020,45322,0
7/27/2020,91325,1
