"SI_mean","SI_sd","time_frame","start_dt","end_dt","t_start","t_end","Mean.R.","Std.R.","Quantile.0.025.R.","Quantile.0.975.R."
5,1,1,2020-03-21,2020-04-19,2,31,1.27613389819011,0.00817847281240219,1.25934670116429,1.29107373868047
5,1,1,2020-03-22,2020-04-20,3,32,1.24204109577021,0.00767757709989606,1.22596754057428,1.25468164794007
5,1,1,2020-03-23,2020-04-21,4,33,1.18333048353819,0.00791699121068965,1.16838487972509,1.19762313860252
5,1,1,2020-03-24,2020-04-22,5,34,1.15066029233015,0.00687056732536494,1.13841201716738,1.16309012875536
5,1,1,2020-03-25,2020-04-23,6,35,1.14723936683194,0.00764927159462837,1.1336215932914,1.16302410901468
5,1,1,2020-03-26,2020-04-24,7,36,1.15006982795979,0.00685622208408184,1.13866396761134,1.16146255060729
5,1,1,2020-03-27,2020-04-25,8,37,1.15232912700804,0.00710087866394897,1.14060963618486,1.16715830875123
5,1,1,2020-03-28,2020-04-26,9,38,1.15340849853569,0.00617504272464524,1.14370078740157,1.16737204724409
5,1,1,2020-03-29,2020-04-27,10,39,1.14052322829599,0.00562999124025189,1.12964728312679,1.15061963775024
5,1,1,2020-03-30,2020-04-28,11,40,1.1247284873627,0.00562536869415144,1.11355311355311,1.13466117216117
5,1,1,2020-03-31,2020-04-29,12,41,1.11956363842316,0.00563267737345747,1.10934744268078,1.13009259259259
5,1,1,2020-04-01,2020-04-30,13,42,1.1201305397057,0.00524385974428931,1.10874892519347,1.12856835769561
5,1,1,2020-04-02,2020-05-01,14,43,1.11377613549841,0.00479867321662432,1.10327455919395,1.12178841309824
5,1,1,2020-04-03,2020-05-02,15,44,1.10717215757099,0.00466963242178145,1.09942004971002,1.11725352112676
5,1,1,2020-04-04,2020-05-03,16,45,1.09867269407764,0.00459754184584257,1.09045643153527,1.10582987551867
5,1,1,2020-04-05,2020-05-04,17,46,1.07790156274118,0.00440214614523436,1.0691974822974,1.08538552321007
5,1,1,2020-04-06,2020-05-05,18,47,1.0614423095714,0.00492956622070653,1.05315608263198,1.06962509563887
5,1,1,2020-04-07,2020-05-06,19,48,1.05639372094089,0.00451639955547472,1.04707987942728,1.0655990957046
5,1,1,2020-04-08,2020-05-07,20,49,1.06120132355598,0.0046299572186995,1.05322885196375,1.07175226586103
5,1,1,2020-04-09,2020-05-08,21,50,1.07139600121481,0.00504886729611754,1.06255522827688,1.07917893961708
5,1,1,2020-04-10,2020-05-09,22,51,1.07585530134379,0.00535923410853263,1.06613669590643,1.08479532163743
5,1,1,2020-04-11,2020-05-10,23,52,1.07245652951251,0.00500033002021425,1.06422540381791,1.08223201174743
5,1,1,2020-04-12,2020-05-11,24,53,1.06805296124081,0.00407019170715785,1.06119510439165,1.07631389488841
5,1,1,2020-04-13,2020-05-12,25,54,1.06065953839239,0.00456875080264765,1.05137323943662,1.07112676056338
5,1,1,2020-04-14,2020-05-13,26,55,1.05433968144854,0.00465768901501657,1.04519832985386,1.06123869171886
5,1,1,2020-04-15,2020-05-14,27,56,1.04855529641889,0.00542095074365101,1.03736413043478,1.05978260869565
5,1,1,2020-04-16,2020-05-15,28,57,1.02732637545735,0.00610736105419405,1.01649258760108,1.04078504043127
5,1,1,2020-04-17,2020-05-16,29,58,1.00093079467203,0.00523837011948922,0.992218095881161,1.01115800135044
5,1,1,2020-04-18,2020-05-17,30,59,0.974088191950436,0.00462786998443945,0.963990672884743,0.981695536309127
5,1,1,2020-04-19,2020-05-18,31,60,0.95224011883731,0.00541868815955408,0.941759868421053,0.9625
5,1,1,2020-04-20,2020-05-19,32,61,0.931011155501398,0.00428634046198848,0.923227065712427,0.938191281717632
5,1,1,2020-04-21,2020-05-20,33,62,0.915912343680041,0.00453574048197922,0.907810478654593,0.925307244501941
5,1,1,2020-04-22,2020-05-21,34,63,0.921202863546875,0.00544173117676135,0.910214333556597,0.930341594105827
5,1,1,2020-04-23,2020-05-22,35,64,0.925285436785695,0.0046466071449733,0.915943526170799,0.933557162534435
5,1,1,2020-04-24,2020-05-23,36,65,0.920768631564845,0.00507357041561635,0.911893203883495,0.931709431345354
5,1,1,2020-04-25,2020-05-24,37,66,0.909998572039792,0.00503105332875791,0.899061614730878,0.918555240793201
5,1,1,2020-04-26,2020-05-25,38,67,0.899926546184774,0.00527092147103428,0.889314223512337,0.90894412191582
5,1,1,2020-04-27,2020-05-26,39,68,0.894502352767438,0.00474146143192943,0.883591498559078,0.902053314121037
5,1,1,2020-04-28,2020-05-27,40,69,0.899199620105732,0.00467759714678715,0.889669117647059,0.908474264705882
5,1,1,2020-04-29,2020-05-28,41,70,0.910702078907352,0.00522131709669715,0.901934635612322,0.920398196844478
5,1,1,2020-04-30,2020-05-29,42,71,0.916712625345972,0.00511245902870277,0.90809968847352,0.92720015576324
5,1,1,2020-05-01,2020-05-30,43,72,0.919716963773959,0.00486249774064772,0.911412609736632,0.930187549880287
5,1,1,2020-05-02,2020-05-31,44,73,0.923709709100945,0.00486125033056478,0.914512799339389,0.933546655656482
5,1,1,2020-05-03,2020-06-01,45,74,0.931467986729113,0.00477096648112731,0.920295809367297,0.939667214461791
5,1,1,2020-05-04,2020-06-02,46,75,0.941618895742732,0.00528964350393397,0.931480721903199,0.951599671862182
5,1,1,2020-05-05,2020-06-03,47,76,0.968004037187649,0.00649036058108265,0.953964194373402,0.981244671781756
5,1,1,2020-05-06,2020-06-04,48,77,1.00743000983736,0.00687626148123359,0.990844155844156,1.01954545454545
5,1,1,2020-05-07,2020-06-05,49,78,1.04162546650205,0.00692504570035544,1.02897977132806,1.05499120492524
5,1,1,2020-05-08,2020-06-06,50,79,1.06643543465467,0.00691223903537706,1.05184696569921,1.07785839929639
5,1,1,2020-05-09,2020-06-07,51,80,1.07608704108438,0.00805752727531546,1.06171028880866,1.09210288808664
5,1,1,2020-05-10,2020-06-08,52,81,1.09687354968604,0.00752730719826224,1.08382352941176,1.1119622475856
5,1,1,2020-05-11,2020-06-09,53,82,1.11171624898167,0.00764926465178883,1.09751924721985,1.1232249786142
5,1,1,2020-05-12,2020-06-10,54,83,1.1432444674498,0.00807428523225673,1.12638190954774,1.15829145728643
5,1,1,2020-05-13,2020-06-11,55,84,1.18358861083332,0.00909920693224976,1.16650904605263,1.20026726973684
5,1,1,2020-05-14,2020-06-12,56,85,1.22525081962016,0.0081785534298944,1.21260048231511,1.24077572347267
5,1,1,2020-05-15,2020-06-13,57,86,1.25521054839229,0.00727939011293137,1.24242424242424,1.26957735247209
5,1,1,2020-05-16,2020-06-14,58,87,1.27101146715561,0.00746006552634251,1.25780516431925,1.28403755868545
5,1,1,2020-05-17,2020-06-15,59,88,1.26387227109373,0.0070966589099111,1.24998180494905,1.27656477438137
5,1,1,2020-05-18,2020-06-16,60,89,1.2571478194825,0.00752865506240419,1.24159153952843,1.27257281553398
5,1,1,2020-05-19,2020-06-17,61,90,1.26056926250624,0.0066108770702577,1.24932476943347,1.27109683794466
5,1,1,2020-05-20,2020-06-18,62,91,1.28389064876939,0.0064986186542743,1.27156619018024,1.2958359229335
5,1,1,2020-05-21,2020-06-19,63,92,1.3183872340751,0.00589715341877677,1.3054907241173,1.32914422501496
5,1,1,2020-05-22,2020-06-20,64,93,1.33960059871581,0.00639457119475761,1.32811418685121,1.35409457900807
5,1,1,2020-05-23,2020-06-21,65,94,1.34530369879255,0.00573393252058734,1.33541897891232,1.35656215316315
5,1,1,2020-05-24,2020-06-22,66,95,1.33214461289052,0.00434650682964752,1.32385466034755,1.33965244865719
5,1,1,2020-05-25,2020-06-23,67,96,1.30379764219938,0.00474264106616205,1.2959637964775,1.31385763209393
5,1,1,2020-05-26,2020-06-24,68,97,1.28661481339194,0.00536815407427439,1.2766085183507,1.29725872224739
5,1,1,2020-05-27,2020-06-25,69,98,1.29055392568319,0.00550146564757441,1.28137296834902,1.30241659538067
5,1,1,2020-05-28,2020-06-26,70,99,1.29066051166724,0.0042226198130903,1.28286961819659,1.2983448415922
5,1,1,2020-05-29,2020-06-27,71,100,1.28218180804801,0.00430856926041856,1.27397620904836,1.29101014040562
5,1,1,2020-05-30,2020-06-28,72,101,1.26860778729038,0.00360926642676113,1.2619589977221,1.27660402429765
5,1,1,2020-05-31,2020-06-29,73,102,1.22909811545659,0.0036628033791176,1.22108680184988,1.23677516897901
5,1,1,2020-06-01,2020-06-30,74,103,1.18611081841593,0.00330466595888722,1.17894084600132,1.19316754791804
5,1,1,2020-06-02,2020-07-01,75,104,1.16644183226009,0.00353742262197103,1.1586247637051,1.17265280403277
5,1,1,2020-06-03,2020-07-02,76,105,1.15947851419955,0.00335949114219488,1.15312310491207,1.16616130988478
5,1,1,2020-06-04,2020-07-03,77,106,1.15670466709461,0.0031358502745261,1.15080029368576,1.16345814977974
5,1,1,2020-06-05,2020-07-04,78,107,1.15166669810664,0.00350155240463314,1.14638005780347,1.1591112716763
5,1,1,2020-06-06,2020-07-05,79,108,1.143430648587,0.0029818265871339,1.13781905842314,1.14975893363585
5,1,1,2020-06-07,2020-07-06,80,109,1.12628059329171,0.00295400310170237,1.12051508562109,1.1321147050829
5,1,1,2020-06-08,2020-07-07,81,110,1.1073425375073,0.00270083384224828,1.10111125723304,1.11218437664387
5,1,1,2020-06-09,2020-07-08,82,111,1.08746547759522,0.00317763272958809,1.08247442455243,1.09402173913043
5,1,1,2020-06-10,2020-07-09,83,112,1.07520192160327,0.00296311173478393,1.06953183520599,1.07991260923845
5,1,1,2020-06-11,2020-07-10,84,113,1.06001149113651,0.00299396817809768,1.05383015173764,1.06535731767009
5,1,1,2020-06-12,2020-07-11,85,114,1.04513817636691,0.00293419139778444,1.04044294655753,1.05043933558016
5,1,1,2020-06-13,2020-07-12,86,115,1.02981622513256,0.0027736304051217,1.02521634615385,1.03547475961538
5,1,1,2020-06-14,2020-07-13,87,116,1.00975704596156,0.00223620969172026,1.00541273584906,1.01333136792453
5,1,1,2020-06-15,2020-07-14,88,117,0.989191326947606,0.00250933948198534,0.984682282003711,0.9944573283859
5,1,1,2020-06-16,2020-07-15,89,118,0.976654717597934,0.00244601318576755,0.972357723577236,0.98212543554007
5,1,1,2020-06-17,2020-07-16,90,119,0.963634917995451,0.00226566071446515,0.958997220935618,0.967930754979157
5,1,1,2020-06-18,2020-07-17,91,120,0.937161818313956,0.00204075208010057,0.933289170506912,0.941244239631336
5,1,1,2020-06-19,2020-07-18,92,121,0.91390689824957,0.0022806523518303,0.909566086547507,0.919108654750705
5,1,1,2020-06-20,2020-07-19,93,122,0.884278906149537,0.00219875507611011,0.880254701261604,0.888359914306118
5,1,1,2020-06-21,2020-07-20,94,123,0.84593288558335,0.00243591128241776,0.840594588179445,0.850237360550676
5,1,1,2020-06-22,2020-07-21,95,124,0.815443308638637,0.00212151043941169,0.811412785171103,0.818803469581749
5,3,1,2020-03-21,2020-04-19,2,31,1.26741410780211,0.0127900739326529,1.24062095730919,1.28787192755498
5,3,1,2020-03-22,2020-04-20,3,32,1.23868041190457,0.0115520876491887,1.21657303370787,1.26039325842697
5,3,1,2020-03-23,2020-04-21,4,33,1.20215975661862,0.0115839555302182,1.17743413516609,1.22053264604811
5,3,1,2020-03-24,2020-04-22,5,34,1.17658998251339,0.0100380306735448,1.15659871244635,1.19420600858369
5,3,1,2020-03-25,2020-04-23,6,35,1.16455439502186,0.0104451572843779,1.14779874213836,1.1856394129979
5,3,1,2020-03-26,2020-04-24,7,36,1.15310310502683,0.0105472682559989,1.13765182186235,1.17206477732794
5,3,1,2020-03-27,2020-04-25,8,37,1.1484400975101,0.0110637797867273,1.1287610619469,1.16865781710914
5,3,1,2020-03-28,2020-04-26,9,38,1.14893393795181,0.0107507835677364,1.12940452755906,1.16985728346457
5,3,1,2020-03-29,2020-04-27,10,39,1.14232623716868,0.0106925568984697,1.11866062917064,1.15874642516683
5,3,1,2020-03-30,2020-04-28,11,40,1.13240201881759,0.0114659034691723,1.10940934065934,1.15345695970696
5,3,1,2020-03-31,2020-04-29,12,41,1.12089431471551,0.00944045318669504,1.10582010582011,1.14252645502645
5,3,1,2020-04-01,2020-04-30,13,42,1.11384614689934,0.00883871822591534,1.09802235597592,1.13241616509028
5,3,1,2020-04-02,2020-05-01,14,43,1.10845943757467,0.00924160523133237,1.09319899244332,1.125986565911
5,3,1,2020-04-03,2020-05-02,15,44,1.10652255428935,0.00805871668485824,1.09484258492129,1.12431648715824
5,3,1,2020-04-04,2020-05-03,16,45,1.10210702436471,0.00804535372447312,1.08753112033195,1.1199377593361
5,3,1,2020-04-05,2020-05-04,17,46,1.08832457423766,0.00728119676034673,1.07354445318647,1.10273406766326
5,3,1,2020-04-06,2020-05-05,18,47,1.07892008614112,0.00796824447690281,1.06080719204285,1.09144988523336
5,3,1,2020-04-07,2020-05-06,19,48,1.07298138433853,0.00909031250835475,1.05195930670686,1.08781085154484
5,3,1,2020-04-08,2020-05-07,20,49,1.07030726132296,0.00929469647387543,1.05247356495468,1.08498867069486
5,3,1,2020-04-09,2020-05-08,21,50,1.06680854829815,0.00830895635483394,1.05112297496318,1.08177466863034
5,3,1,2020-04-10,2020-05-09,22,51,1.06643099671089,0.0081275939480432,1.0500548245614,1.08044590643275
5,3,1,2020-04-11,2020-05-10,23,52,1.0638953044801,0.00867000939674827,1.0462187958884,1.07782672540382
5,3,1,2020-04-12,2020-05-11,24,53,1.06210451635189,0.00863655409098549,1.04604031677466,1.07741180705544
5,3,1,2020-04-13,2020-05-12,25,54,1.05824092804609,0.00841545203334708,1.04288732394366,1.07468309859155
5,3,1,2020-04-14,2020-05-13,26,55,1.0471408056885,0.00832267205028623,1.03333333333333,1.06405706332637
5,3,1,2020-04-15,2020-05-14,27,56,1.03786031801324,0.00830238242390874,1.02241847826087,1.05366847826087
5,3,1,2020-04-16,2020-05-15,28,57,1.02416109644547,0.00820855926940232,1.01145552560647,1.03883086253369
5,3,1,2020-04-17,2020-05-16,29,58,1.01311019650715,0.0083271285940445,0.998936529372046,1.03112761647535
5,3,1,2020-04-18,2020-05-17,30,59,1.00022401978448,0.0079617708792531,0.98699200532978,1.01735509660227
5,3,1,2020-04-19,2020-05-18,31,60,0.985072689356907,0.00807483309875416,0.970986842105263,1.00034539473684
5,3,1,2020-04-20,2020-05-19,32,61,0.964083933242308,0.00705784706436296,0.952472348731295,0.978529603122967
5,3,1,2020-04-21,2020-05-20,33,62,0.945519910146394,0.0058885123386873,0.935963777490298,0.957341526520052
5,3,1,2020-04-22,2020-05-21,34,63,0.935018139997133,0.00669698992862637,0.92357669122572,0.947086403215003
5,3,1,2020-04-23,2020-05-22,35,64,0.92915394174889,0.00736214705423014,0.915977961432507,0.944576446280992
5,3,1,2020-04-24,2020-05-23,36,65,0.925446431191357,0.00758901663892865,0.910176837725381,0.938644244105409
5,3,1,2020-04-25,2020-05-24,37,66,0.922363064830284,0.00809463325487499,0.907825779036827,0.937677053824363
5,3,1,2020-04-26,2020-05-25,38,67,0.918061163764557,0.00887549095740557,0.902757619738752,0.935068940493469
5,3,1,2020-04-27,2020-05-26,39,68,0.914670770485851,0.00877571574226479,0.896595821325648,0.929394812680115
5,3,1,2020-04-28,2020-05-27,40,69,0.912004055570166,0.00867325992742581,0.898143382352941,0.927977941176471
5,3,1,2020-04-29,2020-05-28,41,70,0.913690904206708,0.0090328368079293,0.897821187077385,0.931311044327573
5,3,1,2020-04-30,2020-05-29,42,71,0.918285950277203,0.00837059907267848,0.901460280373832,0.931464174454829
5,3,1,2020-05-01,2020-05-30,43,72,0.923534706816284,0.00912462620743314,0.905746209098165,0.941360734237829
5,3,1,2020-05-02,2020-05-31,44,73,0.927216360880808,0.0093914385427766,0.908298926507019,0.943889347646573
5,3,1,2020-05-03,2020-06-01,45,74,0.93628930032023,0.00871197807458129,0.915365653245686,0.951951520131471
5,3,1,2020-05-04,2020-06-02,46,75,0.947641257898841,0.0089071445287827,0.932301066447908,0.964766201804758
5,3,1,2020-05-05,2020-06-03,47,76,0.962722838284637,0.0103699607846194,0.945843989769821,0.985954816709292
5,3,1,2020-05-06,2020-06-04,48,77,0.982530785238989,0.0111254671121328,0.960909090909091,1.00997835497835
5,3,1,2020-05-07,2020-06-05,49,78,1.00264488992073,0.0124805416729571,0.9801890941073,1.02772647317502
5,3,1,2020-05-08,2020-06-06,50,79,1.02234616453052,0.012330463649553,1,1.04707563764292
5,3,1,2020-05-09,2020-06-07,51,80,1.04135516453971,0.0122277153678023,1.01757671480144,1.06274819494585
5,3,1,2020-05-10,2020-06-08,52,81,1.07099260431539,0.0113159752898164,1.05309482001756,1.09482001755926
5,3,1,2020-05-11,2020-06-09,53,82,1.09235395937237,0.0125635593825865,1.07181351582549,1.1232249786142
5,3,1,2020-05-12,2020-06-10,54,83,1.11713767269946,0.0123057582896441,1.0983040201005,1.1411850921273
5,3,1,2020-05-13,2020-06-11,55,84,1.14198513973245,0.0121516959782007,1.11963404605263,1.16412417763158
5,3,1,2020-05-14,2020-06-12,56,85,1.17368927272453,0.0113604506645839,1.15391881028939,1.19495578778135
5,3,1,2020-05-15,2020-06-13,57,86,1.2027057082361,0.0113154335764526,1.18010366826156,1.22214912280702
5,3,1,2020-05-16,2020-06-14,58,87,1.2266607981206,0.0104565461275046,1.20694444444444,1.24577464788732
5,3,1,2020-05-17,2020-06-15,59,88,1.24110969687535,0.0104956207340978,1.21761280931587,1.25545851528384
5,3,1,2020-05-18,2020-06-16,60,89,1.25200258220823,0.0113276242026345,1.22947295423024,1.26877600554785
5,3,1,2020-05-19,2020-06-17,61,90,1.25836807154362,0.0122820347232935,1.23372859025033,1.27934782608696
5,3,1,2020-05-20,2020-06-18,62,91,1.26703257062036,0.0108816573262941,1.24451522684897,1.28713486637663
5,3,1,2020-05-21,2020-06-19,63,92,1.28257510370762,0.0109397338009587,1.26300119688809,1.30073309395571
5,3,1,2020-05-22,2020-06-20,64,93,1.2956012267652,0.0111121496328081,1.27420703575548,1.31551326412918
5,3,1,2020-05-23,2020-06-21,65,94,1.30486042163819,0.00956750649851005,1.28772197558269,1.32215593784684
5,3,1,2020-05-24,2020-06-22,66,95,1.30546784802491,0.00846338537234777,1.28776987888362,1.31939178515008
5,3,1,2020-05-25,2020-06-23,67,96,1.2942195566082,0.00813739053368314,1.27958659491194,1.31117906066536
5,3,1,2020-05-26,2020-06-24,68,97,1.27736573420556,0.00781236463006593,1.26275487086543,1.2941096511101
5,3,1,2020-05-27,2020-06-25,69,98,1.26686903003991,0.00843302992265222,1.24699529512404,1.27974764756202
5,3,1,2020-05-28,2020-06-26,70,99,1.25924186548897,0.00749179372500446,1.24389723801787,1.27213647441105
5,3,1,2020-05-29,2020-06-27,71,100,1.2547816977355,0.0064578058624765,1.24413026521061,1.26775546021841
5,3,1,2020-05-30,2020-06-28,72,101,1.24917856044269,0.00627527156770201,1.23760440394837,1.26063971146545
5,3,1,2020-05-31,2020-06-29,73,102,1.22866708563141,0.00599645972271571,1.21945926716471,1.24226254002134
5,3,1,2020-06-01,2020-06-30,74,103,1.20136762839203,0.00594185972478664,1.19332452081956,1.21400363516193
5,3,1,2020-06-02,2020-07-01,75,104,1.18062731150446,0.00552965801145318,1.17025047258979,1.19062696912413
5,3,1,2020-06-03,2020-07-02,76,105,1.16537152991465,0.00549692617591882,1.15372953305033,1.17541691934506
5,3,1,2020-06-04,2020-07-03,77,106,1.15583042969405,0.00513791127979747,1.1461013215859,1.16433920704846
5,3,1,2020-06-05,2020-07-04,78,107,1.14925354726626,0.00521327740284039,1.13885115606936,1.15854768786127
5,3,1,2020-06-06,2020-07-05,79,108,1.14136687581492,0.00524718446249247,1.13084940442428,1.15047504254112
5,3,1,2020-06-07,2020-07-06,80,109,1.12821981155251,0.00442708728204476,1.117926066866,1.13726556129383
5,3,1,2020-06-08,2020-07-07,81,110,1.11528645513864,0.00446050005002971,1.10624671225671,1.12270515518148
5,3,1,2020-06-09,2020-07-08,82,111,1.09722622044128,0.00446752943226853,1.08874680306905,1.10436061381074
5,3,1,2020-06-10,2020-07-09,83,112,1.08197016010436,0.00474670742866959,1.07076779026217,1.08926966292135
5,3,1,2020-06-11,2020-07-10,84,113,1.06538003598017,0.00428047555802374,1.05653450807636,1.070729319628
5,3,1,2020-06-12,2020-07-11,85,114,1.05073654560761,0.00358254172929357,1.04223038035628,1.05597616754935
5,3,1,2020-06-13,2020-07-12,86,115,1.03641836026759,0.00398495053999582,1.02836538461538,1.04254807692308
5,3,1,2020-06-14,2020-07-13,87,116,1.01828781746979,0.00385470624846158,1.01072523584906,1.02452830188679
5,3,1,2020-06-15,2020-07-14,88,117,0.998355845659216,0.00369058338417593,0.991871521335807,1.00522379406308
5,3,1,2020-06-16,2020-07-15,89,118,0.977600360565664,0.00397338553788092,0.970499419279907,0.985830429732869
5,3,1,2020-06-17,2020-07-16,90,119,0.955630963303008,0.00385052217724748,0.94961208893006,0.964260074108384
5,3,1,2020-06-18,2020-07-17,91,120,0.931655275702031,0.0036942649035829,0.925443548387097,0.939400921658986
5,3,1,2020-06-19,2020-07-18,92,121,0.915278204564494,0.00370540995146329,0.909195672624647,0.922748118532455
5,3,1,2020-06-20,2020-07-19,93,122,0.894035976530591,0.00394767743682246,0.886693644370388,0.902064984527493
5,3,1,2020-06-21,2020-07-20,94,123,0.860154500575187,0.0039681398430916,0.85307381913126,0.867202705910278
5,3,1,2020-06-22,2020-07-21,95,124,0.829326796481812,0.00359951762502369,0.82319391634981,0.836276140684411
5,5,1,2020-03-21,2020-04-19,2,31,1.23617470278779,0.0129826496626016,1.2133893919793,1.25873221216041
5,5,1,2020-03-22,2020-04-20,3,32,1.23020242767849,0.0137947780352336,1.20159176029963,1.25533707865169
5,5,1,2020-03-23,2020-04-21,4,33,1.20654247578121,0.0156480175564571,1.17640320733104,1.23711340206186
5,5,1,2020-03-24,2020-04-22,5,34,1.18094054184194,0.0136867640723587,1.15496244635193,1.20498927038627
5,5,1,2020-03-25,2020-04-23,6,35,1.16931807947782,0.0139852743816107,1.14360587002096,1.19242662473795
5,5,1,2020-03-26,2020-04-24,7,36,1.15462484425351,0.0137989541235172,1.12998481781377,1.18372975708502
5,5,1,2020-03-27,2020-04-25,8,37,1.14491203328095,0.0148283884128551,1.11944444444444,1.17507374631268
5,5,1,2020-03-28,2020-04-26,9,38,1.14547531589779,0.0144516130708567,1.11759350393701,1.17477854330709
5,5,1,2020-03-29,2020-04-27,10,39,1.14311778825558,0.0131312211605628,1.11720686367969,1.17018589132507
5,5,1,2020-03-30,2020-04-28,11,40,1.13646861907948,0.0123726678405737,1.11263736263736,1.1621336996337
5,5,1,2020-03-31,2020-04-29,12,41,1.12481499176943,0.011295338795381,1.10800264550265,1.14907407407407
5,5,1,2020-04-01,2020-04-30,13,42,1.11662842833818,0.0112919329740645,1.09752794496991,1.14105760963027
5,5,1,2020-04-02,2020-05-01,14,43,1.1073269895827,0.0113141864556987,1.08900083963056,1.13146515533165
5,5,1,2020-04-03,2020-05-02,15,44,1.10539010784223,0.0104600955087625,1.08987158243579,1.12601491300746
5,5,1,2020-04-04,2020-05-03,16,45,1.10852598652169,0.0102949847329954,1.09045643153527,1.12997925311203
5,5,1,2020-04-05,2020-05-04,17,46,1.09736740624336,0.00958538757251805,1.08257277734068,1.11805664830842
5,5,1,2020-04-06,2020-05-05,18,47,1.08648922277491,0.0100825297268157,1.06765493496557,1.10635042081102
5,5,1,2020-04-07,2020-05-06,19,48,1.07802175456511,0.00932414322540325,1.06254709871891,1.09502637528259
5,5,1,2020-04-08,2020-05-07,20,49,1.07582549563718,0.00938015062217865,1.05927114803625,1.09218277945619
5,5,1,2020-04-09,2020-05-08,21,50,1.06680601540601,0.0092466754482523,1.05115979381443,1.08433357879234
5,5,1,2020-04-10,2020-05-09,22,51,1.06409201246063,0.00904411865779281,1.04820906432749,1.08263888888889
5,5,1,2020-04-11,2020-05-10,23,52,1.0637724456729,0.00916100474180918,1.04880690161527,1.0826174743025
5,5,1,2020-04-12,2020-05-11,24,53,1.0627156178294,0.0091708496393775,1.0438444924406,1.08176745860331
5,5,1,2020-04-13,2020-05-12,25,54,1.0598539834647,0.00885033129216144,1.04359154929577,1.07816901408451
5,5,1,2020-04-14,2020-05-13,26,55,1.05292996366879,0.0091558807734022,1.03373347251218,1.07134655532359
5,5,1,2020-04-15,2020-05-14,27,56,1.04385453931058,0.00859870731838703,1.02713994565217,1.05981657608696
5,5,1,2020-04-16,2020-05-15,28,57,1.03402049422138,0.0086245073316635,1.01918800539084,1.05188679245283
5,5,1,2020-04-17,2020-05-16,29,58,1.0292927952305,0.00908442993641054,1.01311613774477,1.04626941255908
5,5,1,2020-04-18,2020-05-17,30,59,1.02278543641431,0.00957667205506492,1.00364756828781,1.03864090606262
5,5,1,2020-04-19,2020-05-18,31,60,1.0138605223588,0.00819866209222024,0.997302631578947,1.02832236842105
5,5,1,2020-04-20,2020-05-19,32,61,0.996374896520785,0.00849536204419961,0.979424202992843,1.01205270006506
5,5,1,2020-04-21,2020-05-20,33,62,0.972759477965668,0.00833204319845002,0.958538163001294,0.98740297542044
5,5,1,2020-04-22,2020-05-21,34,63,0.959330816210179,0.00933002912073622,0.940706630944407,0.978951774949766
5,5,1,2020-04-23,2020-05-22,35,64,0.954600441626076,0.00980178912637231,0.93732782369146,0.973174931129477
5,5,1,2020-04-24,2020-05-23,36,65,0.949462837220882,0.0101691863340021,0.930877253814147,0.969521497919556
5,5,1,2020-04-25,2020-05-24,37,66,0.947218345114741,0.0102472056687418,0.924344900849858,0.967085694050992
5,5,1,2020-04-26,2020-05-25,38,67,0.945472411581487,0.0110061080655737,0.918722786647315,0.965965166908563
5,5,1,2020-04-27,2020-05-26,39,68,0.940716824356012,0.0104038597720031,0.919650576368876,0.960410662824208
5,5,1,2020-04-28,2020-05-27,40,69,0.933989271448901,0.00956806308788322,0.914632352941176,0.952242647058823
5,5,1,2020-04-29,2020-05-28,41,70,0.929973671420642,0.0102739754860319,0.910199098422239,0.949305033809166
5,5,1,2020-04-30,2020-05-29,42,71,0.930547555524946,0.0105653743883954,0.910027258566978,0.952278037383178
5,5,1,2020-05-01,2020-05-30,43,72,0.933563201641724,0.0107396944107547,0.915782122905028,0.955307262569832
5,5,1,2020-05-02,2020-05-31,44,73,0.939970084288478,0.0114437324383533,0.920685383980182,0.961622625928984
5,5,1,2020-05-03,2020-06-01,45,74,0.945318913688817,0.0107678641823907,0.928512736236648,0.965529991783073
5,5,1,2020-05-04,2020-06-02,46,75,0.948369340417658,0.0105364971826997,0.929840032813782,0.97059064807219
5,5,1,2020-05-05,2020-06-03,47,76,0.956649609430096,0.0099632052021182,0.938618925831202,0.977472293265132
5,5,1,2020-05-06,2020-06-04,48,77,0.968986169012826,0.0121161230672928,0.943679653679654,0.99525974025974
5,5,1,2020-05-07,2020-06-05,49,78,0.981782650745088,0.0129683445165644,0.956398416886544,1.0066182937555
5,5,1,2020-05-08,2020-06-06,50,79,0.9952097383899,0.0114178652517765,0.973153034300791,1.01851363236588
5,5,1,2020-05-09,2020-06-07,51,80,1.01776595100946,0.0146646069811239,0.989508122743682,1.04332129963899
5,5,1,2020-05-10,2020-06-08,52,81,1.0428521289117,0.013433369068432,1.01525460930641,1.06718612818262
5,5,1,2020-05-11,2020-06-09,53,82,1.06122287982473,0.0127175821313357,1.03890076988879,1.08000427715997
5,5,1,2020-05-12,2020-06-10,54,83,1.08118184653249,0.0135107537906667,1.05734924623116,1.10904522613065
5,5,1,2020-05-13,2020-06-11,55,84,1.09946746975185,0.0149293005935946,1.07479440789474,1.12876233552632
5,5,1,2020-05-14,2020-06-12,56,85,1.12047985933155,0.0163031212950302,1.09075562700965,1.15154742765273
5,5,1,2020-05-15,2020-06-13,57,86,1.14706014819337,0.0156100803807496,1.11642743221691,1.17753189792663
5,5,1,2020-05-16,2020-06-14,58,87,1.17731608497596,0.0148498623128528,1.15179968701095,1.20657276995305
5,5,1,2020-05-17,2020-06-15,59,88,1.19453304179107,0.0138490858892568,1.16735807860262,1.21875909752547
5,5,1,2020-05-18,2020-06-16,60,89,1.20843299442455,0.012744726944225,1.18443134535368,1.22957697642164
5,5,1,2020-05-19,2020-06-17,61,90,1.21714807433927,0.0126530083118097,1.18903162055336,1.24020092226614
5,5,1,2020-05-20,2020-06-18,62,91,1.22076740203039,0.0126089839972224,1.19885021752641,1.24617775015538
5,5,1,2020-05-21,2020-06-19,63,92,1.22953646432219,0.0131040157625293,1.20706163973668,1.25197486535009
5,5,1,2020-05-22,2020-06-20,64,93,1.23889596221218,0.0132031580819395,1.21141868512111,1.26278835063437
5,5,1,2020-05-23,2020-06-21,65,94,1.2499491410689,0.0114355718001983,1.22749722530522,1.27126803551609
5,5,1,2020-05-24,2020-06-22,66,95,1.25829079291309,0.0107938890604677,1.23799368088468,1.27779094260137
5,5,1,2020-05-25,2020-06-23,67,96,1.25539443431211,0.00997010557624475,1.23751223091977,1.27520792563601
5,5,1,2020-05-26,2020-06-24,68,97,1.24297181053614,0.0088136978743774,1.22762800181242,1.25850702310829
5,5,1,2020-05-27,2020-06-25,69,98,1.2326550751036,0.00859468060223329,1.21833832335329,1.24917664670659
5,5,1,2020-05-28,2020-06-26,70,99,1.22269473789758,0.00916569881528912,1.20612307067425,1.23944963444354
5,5,1,2020-05-29,2020-06-27,71,100,1.21894454294264,0.00880360464229425,1.20319812792512,1.2371879875195
5,5,1,2020-05-30,2020-06-28,72,101,1.2201111979692,0.00844365340597877,1.20347380410023,1.23542141230068
5,5,1,2020-05-31,2020-06-29,73,102,1.21150862361513,0.00746006098399662,1.19830131625756,1.22617395944504
5,5,1,2020-06-01,2020-06-30,74,103,1.18983662416383,0.00633427727611435,1.17843688037013,1.20442002643754
5,5,1,2020-06-02,2020-07-01,75,104,1.17131794170707,0.0055121844192876,1.16094833018273,1.18117517328292
5,5,1,2020-06-03,2020-07-02,76,105,1.15549156632119,0.00525509116803562,1.14627804730139,1.16649484536082
5,5,1,2020-06-04,2020-07-03,77,106,1.14339809556555,0.00508689270038493,1.13421439060206,1.15404552129222
5,5,1,2020-06-05,2020-07-04,78,107,1.13807605491567,0.0050326183592481,1.12932803468208,1.14885838150289
5,5,1,2020-06-06,2020-07-05,79,108,1.13380416515,0.00572426314268807,1.12178814520703,1.14478871242201
5,5,1,2020-06-07,2020-07-06,80,109,1.12236722509549,0.0053937975828055,1.11141614569176,1.13128567545529
5,5,1,2020-06-08,2020-07-07,81,110,1.11059091261949,0.00557867063345778,1.09954629142557,1.12127827459232
5,5,1,2020-06-09,2020-07-08,82,111,1.09452050234481,0.00539166686649204,1.08411764705882,1.10345907928389
5,5,1,2020-06-10,2020-07-09,83,112,1.08001925706489,0.00491043617066119,1.06974406991261,1.08863920099875
5,5,1,2020-06-11,2020-07-10,84,113,1.06322989885846,0.00458579478407537,1.05282672540382,1.07025208027411
5,5,1,2020-06-12,2020-07-11,85,114,1.04825520535382,0.00457640664981096,1.03886013480982,1.0562168993741
5,5,1,2020-06-13,2020-07-12,86,115,1.03741923553664,0.00457111379362316,1.02908653846154,1.04810096153846
5,5,1,2020-06-14,2020-07-13,87,116,1.02106198081665,0.00437458981827077,1.01232900943396,1.03043632075472
5,5,1,2020-06-15,2020-07-14,88,117,1.00080978063598,0.00415054958268116,0.99303107606679,1.00939819109462
5,5,1,2020-06-16,2020-07-15,89,118,0.981879247794499,0.00435003599731466,0.974558652729384,0.990023228803717
5,5,1,2020-06-17,2020-07-16,90,119,0.96095850185703,0.00406770677386269,0.952501157943492,0.968515516442798
5,5,1,2020-06-18,2020-07-17,91,120,0.935912971958269,0.0044175459477975,0.929032258064516,0.944942396313364
5,5,1,2020-06-19,2020-07-18,92,121,0.922263248031785,0.00441317380585381,0.913964016933208,0.928751175917215
5,5,1,2020-06-20,2020-07-19,93,122,0.907084748745332,0.00468564781788772,0.89858367055463,0.916097357771959
5,5,1,2020-06-21,2020-07-20,94,123,0.878929186779742,0.004615173535499,0.870751246142891,0.888826252076905
5,5,1,2020-06-22,2020-07-21,95,124,0.847840845624899,0.00425494534941313,0.839543726235741,0.856499524714829
5,1,2,2020-11-15,2020-12-14,2,31,1.00236320152949,0.00146038733812697,0.999291269796539,1.0051964154878
5,1,2,2020-11-16,2020-12-15,3,32,0.984772352477358,0.00138601730931951,0.982200656248262,0.987143373560981
5,1,2,2020-11-17,2020-12-16,4,33,0.983295404242126,0.00140432980598534,0.980888360380526,0.986039451594852
5,1,2,2020-11-18,2020-12-17,5,34,0.98643210775042,0.00125763805871984,0.984117729699354,0.988852205675752
5,1,2,2020-11-19,2020-12-18,6,35,0.983777432224292,0.00146063770478773,0.981193268309184,0.986726898573603
5,1,2,2020-11-20,2020-12-19,7,36,0.975602649773453,0.00129999180859922,0.973124536482401,0.977729762108506
5,1,2,2020-11-21,2020-12-20,8,37,0.967792146703036,0.00121619407825727,0.965525390512421,0.970372932157473
5,1,2,2020-11-22,2020-12-21,9,38,0.96188357248362,0.0013062903335356,0.959143913538111,0.964109783845279
5,1,2,2020-11-23,2020-12-22,10,39,0.96677418458264,0.00157879524213458,0.963316433467399,0.969669461281369
5,1,2,2020-11-24,2020-12-23,11,40,0.980611980462504,0.00159188875216816,0.97724772219357,0.983248810956392
5,1,2,2020-11-25,2020-12-24,12,41,0.994000554028453,0.00166431993409066,0.991473240255963,0.997302210587551
5,1,2,2020-11-26,2020-12-25,13,42,0.989969239580362,0.00176391544944723,0.986734785470648,0.993532703009993
5,1,2,2020-11-27,2020-12-26,14,43,0.991949220609954,0.00171710421649967,0.988131477642878,0.995002961208173
5,1,2,2020-11-28,2020-12-27,15,44,0.977103993463514,0.00171296671655864,0.974247816724489,0.980471647326235
5,1,2,2020-11-29,2020-12-28,16,45,0.961624703975281,0.00141501193732218,0.959468428781204,0.964111600587372
5,1,2,2020-11-30,2020-12-29,17,46,0.956909010369948,0.00148367040116519,0.953843575093284,0.959427472014925
5,1,2,2020-12-01,2020-12-30,18,47,0.967458744970199,0.00163223751902432,0.964956975305004,0.970503035303825
5,1,2,2020-12-02,2020-12-31,19,48,0.98360723234727,0.00144024949892351,0.98104111959895,0.986731618524707
5,1,2,2020-12-03,2021-01-01,20,49,0.989094599356423,0.0016614831231126,0.985949494334105,0.992233763860119
5,1,2,2020-12-04,2021-01-02,21,50,0.98975969801065,0.00154252184989947,0.986571252693136,0.992651585103109
5,1,2,2020-12-05,2021-01-03,22,51,0.985005000403271,0.00160329813953098,0.98235211443563,0.988164469985633
5,1,2,2020-12-06,2021-01-04,23,52,0.970757399253447,0.0014016669831258,0.968137645616186,0.973177498467198
5,1,2,2020-12-07,2021-01-05,24,53,0.961193592219992,0.0011920101691483,0.958730015082956,0.962870286576169
5,1,2,2020-12-08,2021-01-06,25,54,0.967237602056453,0.00155281045292242,0.964257453073243,0.970255183413078
5,1,2,2020-12-09,2021-01-07,26,55,0.977720128728835,0.0017298595207911,0.973915193472617,0.980876808010879
5,1,2,2020-12-10,2021-01-08,27,56,0.983517034858986,0.00140600659591937,0.980750873471425,0.986529822810082
5,1,2,2020-12-11,2021-01-09,28,57,0.983116393818663,0.00140582518032902,0.980004751346215,0.985715869496357
5,1,2,2020-12-12,2021-01-10,29,58,0.979345919165152,0.0013021088990974,0.977247785906816,0.981719291490181
5,1,2,2020-12-13,2021-01-11,30,59,0.96986482715929,0.00127794322434737,0.967652665692317,0.972210395882316
5,1,2,2020-12-14,2021-01-12,31,60,0.961576242673807,0.00142853572931689,0.958581573655103,0.964085281548517
5,1,2,2020-12-15,2021-01-13,32,61,0.96462529841152,0.00179703225955928,0.96090813864906,0.96810405027933
5,1,2,2020-12-16,2021-01-14,33,62,0.975514455482699,0.00166928212812467,0.972806201052767,0.97900885864681
5,1,2,2020-12-17,2021-01-15,34,63,0.985092966029371,0.0016599811188729,0.981402301079439,0.988501066511538
5,1,2,2020-12-18,2021-01-16,35,64,0.98994167866637,0.00154209858949819,0.987004124116261,0.992574954176486
5,1,2,2020-12-19,2021-01-17,36,65,0.993066243229423,0.00134234007237893,0.990747390119024,0.995782631823924
5,1,2,2020-12-20,2021-01-18,37,66,0.993047901488966,0.00118203260363977,0.990445712011673,0.995158187968429
5,1,2,2020-12-21,2021-01-19,38,67,0.989753316771648,0.00121455743772982,0.98719631661442,0.991901776384535
5,1,2,2020-12-22,2021-01-20,39,68,0.993023723517942,0.00145244327778779,0.990533900540826,0.996143318823374
5,1,2,2020-12-23,2021-01-21,40,69,0.988121304503716,0.00185461843564542,0.985399749125239,0.992278999141744
5,1,2,2020-12-24,2021-01-22,41,70,0.973425351767509,0.00167125357998111,0.970929731521379,0.97733841564468
5,1,2,2020-12-25,2021-01-23,42,71,0.955697166048406,0.00160166127190066,0.952899058682155,0.958513585686628
5,1,2,2020-12-26,2021-01-24,43,72,0.946032736461111,0.0016277889716196,0.943138979226123,0.949261631379837
5,1,2,2020-12-27,2021-01-25,44,73,0.929445536244411,0.00141896153524088,0.926972337756652,0.931999735921305
5,1,2,2020-12-28,2021-01-26,45,74,0.923130762096569,0.00146494303660397,0.920558274904088,0.926281584865723
5,1,2,2020-12-29,2021-01-27,46,75,0.927333531194238,0.00144341525543349,0.925044148611017,0.930452353460572
5,1,2,2020-12-30,2021-01-28,47,76,0.927791361201432,0.00159061810755613,0.925171008084019,0.931287569957853
5,1,2,2020-12-31,2021-01-29,48,77,0.918356463631612,0.00164260252864568,0.915315188266817,0.921352771118319
5,1,2,2021-01-01,2021-01-30,49,78,0.903492967954004,0.00155109131925427,0.900156847191173,0.906084589312757
5,1,2,2021-01-02,2021-01-31,50,79,0.893680334272436,0.00133848551251854,0.89075146601028,0.895498805473105
5,1,2,2021-01-03,2021-02-01,51,80,0.878708934698774,0.00140383551658935,0.876348289973692,0.881617217187957
5,1,2,2021-01-04,2021-02-02,52,81,0.871460249722534,0.00153579769788101,0.869017738848815,0.874394597379656
5,1,2,2021-01-05,2021-02-03,53,82,0.877912262075558,0.00159592656510063,0.87484883275928,0.88109644087256
5,1,2,2021-01-06,2021-02-04,54,83,0.887124012043101,0.00157467280293828,0.883976536577658,0.890270974877548
5,1,2,2021-01-07,2021-02-05,55,84,0.889556887180454,0.00163825997037921,0.887107823267126,0.892987434130523
5,1,2,2021-01-08,2021-02-06,56,85,0.885612706872715,0.00172856351817457,0.882380213140891,0.888986322060921
5,1,2,2021-01-09,2021-02-07,57,86,0.878645814170496,0.0015328011341778,0.876219564841996,0.881717319979278
5,1,2,2021-01-10,2021-02-08,58,87,0.869584616498086,0.00143478207178221,0.867468227715877,0.872662778551532
5,1,2,2021-01-11,2021-02-09,59,88,0.863401511715371,0.00156339474444729,0.860337682948334,0.866383794745195
5,1,2,2021-01-12,2021-02-10,60,89,0.863981949130124,0.00152311765673569,0.861078923357664,0.867258211678832
5,1,2,2021-01-13,2021-02-11,61,90,0.869271062945678,0.00143403708207112,0.866636885168814,0.871908210288724
5,1,2,2021-01-14,2021-02-12,62,91,0.869871386612791,0.00199398376374458,0.866297698805709,0.873927080299058
5,1,2,2021-01-15,2021-02-13,63,92,0.860769988913564,0.00220656487275876,0.856784423926134,0.865320152549177
5,1,2,2021-01-16,2021-02-14,64,93,0.843309644042139,0.00177659637288238,0.83952987012987,0.847064935064935
5,1,2,2021-01-17,2021-02-15,65,94,0.828377640506401,0.00175970523861702,0.824775084674005,0.83118649449619
5,1,2,2021-01-18,2021-02-16,66,95,0.820075900362013,0.0019352235877363,0.816387662827,0.823831951770912
5,1,2,2021-01-19,2021-02-17,67,96,0.820568017334284,0.0018572552480884,0.817458563535912,0.824477900552486
5,1,2,2021-01-20,2021-02-18,68,97,0.828895835960539,0.00213630399115249,0.825667595495182,0.833458144665041
5,1,2,2021-01-21,2021-02-19,69,98,0.832515089601967,0.00198923400564357,0.828365384615385,0.836307205452775
5,1,2,2021-01-22,2021-02-20,70,99,0.828631161771203,0.00231159331642404,0.824087474385246,0.832802894467213
5,1,2,2021-01-23,2021-02-21,71,100,0.821284026439757,0.00224374899776749,0.816482818558631,0.824588848776574
5,1,2,2021-01-24,2021-02-22,72,101,0.813680769659538,0.00222135397427819,0.808087934560327,0.817321063394683
5,1,2,2021-01-25,2021-02-23,73,102,0.808022273625454,0.00201764920806858,0.803414921647483,0.811683539037581
5,1,2,2021-01-26,2021-02-24,74,103,0.811250591298941,0.00222429564013385,0.806553965240251,0.814754637067329
5,1,2,2021-01-27,2021-02-25,75,104,0.818170113554185,0.00217227764251879,0.814013470075004,0.821762589928058
5,1,2,2021-01-28,2021-02-26,76,105,0.819321684267731,0.00243925997898141,0.814310869217224,0.823207139426925
5,1,2,2021-01-29,2021-02-27,77,106,0.814846284678771,0.00261147901049956,0.809827268153614,0.819218514170719
5,1,2,2021-01-30,2021-02-28,78,107,0.806835485000592,0.00247935246803329,0.80113315696649,0.810850970017637
5,1,2,2021-01-31,2021-03-01,79,108,0.801235331861978,0.00228606738848546,0.796887351778656,0.806144448436939
5,1,2,2021-02-01,2021-03-02,80,109,0.80126489258139,0.00217138765516379,0.796955395150842,0.805575606144734
5,1,2,2021-02-02,2021-03-03,81,110,0.814905653960097,0.00258767862762077,0.8095703125,0.8198388671875
5,1,2,2021-02-03,2021-03-04,82,111,0.834381831991211,0.00280914140108309,0.828487420740438,0.839757619145019
5,1,2,2021-02-04,2021-03-05,83,112,0.84717991756923,0.0027649496366461,0.841573396470082,0.851834911752045
5,1,2,2021-02-05,2021-03-06,84,113,0.851986235044966,0.00328758579069213,0.846679112921475,0.857886399637927
5,1,2,2021-02-06,2021-03-07,85,114,0.848380175556131,0.00264704643579177,0.843904739448243,0.853931855694412
5,1,2,2021-02-07,2021-03-08,86,115,0.842222951254679,0.00285132070527458,0.837164750957854,0.847108477011494
5,1,2,2021-02-08,2021-03-09,87,116,0.841786827294832,0.0031345650921477,0.836081409477521,0.847873633049818
5,1,2,2021-02-09,2021-03-10,88,117,0.858546220883636,0.00336116918935754,0.85180608365019,0.865025348542459
5,1,2,2021-02-10,2021-03-11,89,118,0.880500215843311,0.00360868108515845,0.872936798119613,0.886667537215983
5,1,2,2021-02-11,2021-03-12,90,119,0.903293754814823,0.00330187079524688,0.896718963165075,0.909283765347885
5,1,2,2021-02-12,2021-03-13,91,120,0.916703573056828,0.00335979044722765,0.909988535396962,0.922900544568644
5,1,2,2021-02-13,2021-03-14,92,121,0.911204547378388,0.00282835165777374,0.904943836831215,0.915614838900384
5,1,2,2021-02-14,2021-03-15,93,122,0.879723729668753,0.00258347290524222,0.874630396215257,0.884543169722058
5,1,2,2021-02-15,2021-03-16,94,123,0.85435893219177,0.00239576480023814,0.849880632646971,0.858109519546404
5,1,2,2021-02-16,2021-03-17,95,124,0.822672989706388,0.00245088190332426,0.817597891566265,0.826965361445783
5,1,2,2021-02-17,2021-03-18,96,125,0.796881434750144,0.00263908399520849,0.791535194174757,0.801608009708738
5,3,2,2020-11-15,2020-12-14,2,31,1.05961093212631,0.00206495807947973,1.05570788479964,1.06334892633715
5,3,2,2020-11-16,2020-12-15,3,32,1.03105975117599,0.00217793140296871,1.02729825927368,1.03454201657305
5,3,2,2020-11-17,2020-12-16,4,33,1.00945336716541,0.00228551621022462,1.00477196418579,1.01323866815893
5,3,2,2020-11-18,2020-12-17,5,34,0.998395384453094,0.00224081109562475,0.993413880303456,1.00195139084012
5,3,2,2020-11-19,2020-12-18,6,35,0.992646737520454,0.0021294067580472,0.988412640243559,0.995946326887298
5,3,2,2020-11-20,2020-12-19,7,36,0.988997295009386,0.00252927729426238,0.984050715956415,0.993589195048206
5,3,2,2020-11-21,2020-12-20,8,37,0.984693096731441,0.00249619304867395,0.979795665456222,0.988255807251138
5,3,2,2020-11-22,2020-12-21,9,38,0.97956854625398,0.00249120356050149,0.974681456200228,0.984003128555176
5,3,2,2020-11-23,2020-12-22,10,39,0.976741619878462,0.00254637313619681,0.971635132838611,0.981355860193735
5,3,2,2020-11-24,2020-12-23,11,40,0.976948298757295,0.00265481326639137,0.972205031230302,0.98164718354249
5,3,2,2020-11-25,2020-12-24,12,41,0.980199550125127,0.00283481976010464,0.974358638743456,0.98435427574171
5,3,2,2020-11-26,2020-12-25,13,42,0.979071650317518,0.0028743809587136,0.972452276943331,0.983518341212375
5,3,2,2020-11-27,2020-12-26,14,43,0.983482718527153,0.00249253551850269,0.978261770802487,0.987481492448919
5,3,2,2020-11-28,2020-12-27,15,44,0.980690756463571,0.00242597553108204,0.976158930494078,0.985140267974638
5,3,2,2020-11-29,2020-12-28,16,45,0.977723532770112,0.00238012469073719,0.972879588839941,0.982350954478708
5,3,2,2020-11-30,2020-12-29,17,46,0.974096299585427,0.00244137891820046,0.969477320429104,0.978231401585821
5,3,2,2020-12-01,2020-12-30,18,47,0.971911525711949,0.00245799418931996,0.966676489656392,0.975847232863794
5,3,2,2020-12-02,2020-12-31,19,48,0.973952628516166,0.00240289859901757,0.969563141561232,0.978734483170208
5,3,2,2020-12-03,2021-01-01,20,49,0.976647043311561,0.00233633558171886,0.972610271719264,0.981369562568539
5,3,2,2020-12-04,2021-01-02,21,50,0.981220392143548,0.00245364381075206,0.976514312096029,0.985569405971068
5,3,2,2020-12-05,2021-01-03,22,51,0.98181203905843,0.00233183092388812,0.977417390218002,0.985544068961209
5,3,2,2020-12-06,2021-01-04,23,52,0.9774336212438,0.00248327228911481,0.97246167995095,0.981764255058246
5,3,2,2020-12-07,2021-01-05,24,53,0.973266585695363,0.00257515035257097,0.968681749622926,0.978674208144796
5,3,2,2020-12-08,2021-01-06,25,54,0.972392708768618,0.00284343715768569,0.966346153846154,0.977812538338854
5,3,2,2020-12-09,2021-01-07,26,55,0.97279444361213,0.00263939069648421,0.967913215477809,0.977594572876746
5,3,2,2020-12-10,2021-01-08,27,56,0.975313766902092,0.0025466907695323,0.970443910656351,0.980540304467182
5,3,2,2020-12-11,2021-01-09,28,57,0.978324932081984,0.00258933584261649,0.972836553690212,0.982651251187837
5,3,2,2020-12-12,2021-01-10,29,58,0.979045393221214,0.00261694331013602,0.973787061994609,0.984502952124246
5,3,2,2020-12-13,2021-01-11,30,59,0.976194169450019,0.00276408014473044,0.970923619495457,0.982385461015441
5,3,2,2020-12-14,2021-01-12,31,60,0.973353157502085,0.00247358063095521,0.969127073906486,0.978770739064857
5,3,2,2020-12-15,2021-01-13,32,61,0.972871626917302,0.00245915163039421,0.968565896394109,0.977593321482986
5,3,2,2020-12-16,2021-01-14,33,62,0.97425742655028,0.00239999341250777,0.969610989857491,0.978657401463602
5,3,2,2020-12-17,2021-01-15,34,63,0.977281405603363,0.00257315404417285,0.971907116540624,0.982292676620774
5,3,2,2020-12-18,2021-01-16,35,64,0.981229719390393,0.00262377930276833,0.976451623461639,0.986680086410055
5,3,2,2020-12-19,2021-01-17,36,65,0.983605817381092,0.00257741873920691,0.978243234257597,0.988474965090764
5,3,2,2020-12-20,2021-01-18,37,66,0.983360809541781,0.00228561109772639,0.978870133315646,0.987606950984944
5,3,2,2020-12-21,2021-01-19,38,67,0.981041824418628,0.00217873598132148,0.977235175026123,0.98537421630094
5,3,2,2020-12-22,2021-01-20,39,68,0.978525932234491,0.00250627083601473,0.974010684606252,0.982917820867959
5,3,2,2020-12-23,2021-01-21,40,69,0.974661523468489,0.00256765654228884,0.970357166435598,0.979824387667525
5,3,2,2020-12-24,2021-01-22,41,70,0.969892579445051,0.00243009532340898,0.966121975472324,0.976489890619821
5,3,2,2020-12-25,2021-01-23,42,71,0.963580366067769,0.00229081205280738,0.959736965084452,0.96799686227385
5,3,2,2020-12-26,2021-01-24,43,72,0.958525502813904,0.00234808400224649,0.954463396827504,0.963167850268799
5,3,2,2020-12-27,2021-01-25,44,73,0.947199081548597,0.00240039766414885,0.942049580775071,0.951746220373671
5,3,2,2020-12-28,2021-01-26,45,74,0.938082878181398,0.00231404756775084,0.933235216298452,0.942295607884641
5,3,2,2020-12-29,2021-01-27,46,75,0.929033925529721,0.00217063776742852,0.925001698023501,0.933554642396251
5,3,2,2020-12-30,2021-01-28,47,76,0.923554717895521,0.00244358972049199,0.919603744904305,0.928817453188696
5,3,2,2020-12-31,2021-01-29,48,77,0.918404461051806,0.00279822562374628,0.913303835848258,0.92389825130447
5,3,2,2021-01-01,2021-01-30,49,78,0.911995461877992,0.0024096895295242,0.90678769741112,0.91638963005697
5,3,2,2021-01-02,2021-01-31,50,79,0.906370991702836,0.00228646518129341,0.9020451748353,0.9102675016289
5,3,2,2021-01-03,2021-02-01,51,80,0.896069654477105,0.00207548555148189,0.892609982461269,0.900601066939491
5,3,2,2021-01-04,2021-02-02,52,81,0.889029727942127,0.00234798397376099,0.884796849698219,0.893566907110261
5,3,2,2021-01-05,2021-02-03,53,82,0.883652656473548,0.00250400488410024,0.879481438959051,0.888750478377344
5,3,2,2021-01-06,2021-02-04,54,83,0.881169326544423,0.00261570216145055,0.875959867277611,0.886798862379523
5,3,2,2021-01-07,2021-02-05,55,84,0.880748296438418,0.00249277949937869,0.874866234292663,0.885332387515201
5,3,2,2021-01-08,2021-02-06,56,85,0.880448633676636,0.00279261704497082,0.874584627003441,0.884662666778552
5,3,2,2021-01-09,2021-02-07,57,86,0.877623149487744,0.00265388548803016,0.872774563978588,0.882865653600414
5,3,2,2021-01-10,2021-02-08,58,87,0.872859502401287,0.00276085193808863,0.867799007660167,0.877748520194986
5,3,2,2021-01-11,2021-02-09,59,88,0.868731911712089,0.00274242741093647,0.863692470463763,0.873492329395168
5,3,2,2021-01-12,2021-02-10,60,89,0.863748567460151,0.0028566001706495,0.85880246350365,0.869039689781022
5,3,2,2021-01-13,2021-02-11,61,90,0.859948102423455,0.00268243807737471,0.855450014107025,0.865056898335371
5,3,2,2021-01-14,2021-02-12,62,91,0.857320064747349,0.00306664966326181,0.851856976405476,0.86403291581707
5,3,2,2021-01-15,2021-02-13,63,92,0.854610235992536,0.00316013670993848,0.850160578081092,0.86165445604175
5,3,2,2021-01-16,2021-02-14,64,93,0.849136093058404,0.00312718573630503,0.843735064935065,0.855693506493507
5,3,2,2021-01-17,2021-02-15,65,94,0.84255494162789,0.00304410143901413,0.837052815410669,0.849232641828958
5,3,2,2021-01-18,2021-02-16,66,95,0.836376725665701,0.00298596524290442,0.831628808267844,0.842970179782538
5,3,2,2021-01-19,2021-02-17,67,96,0.829795299008751,0.00329806737588958,0.823803867403315,0.836522099447514
5,3,2,2021-01-20,2021-02-18,68,97,0.825179914998449,0.00342571600711448,0.818353070939278,0.831922675026123
5,3,2,2021-01-21,2021-02-19,69,98,0.824300176484963,0.00332533388968264,0.818025803310613,0.830157619279455
5,3,2,2021-01-22,2021-02-20,70,99,0.823889948113273,0.0032952911766125,0.816591956967213,0.829815573770492
5,3,2,2021-01-23,2021-02-21,71,100,0.821052873042224,0.00354220848148343,0.813303917636048,0.827797833935018
5,3,2,2021-01-24,2021-02-22,72,101,0.817460382924858,0.00353301429663124,0.809795501022495,0.82392978868439
5,3,2,2021-01-25,2021-02-23,73,102,0.814223865905905,0.00379711329411233,0.807720843156289,0.822826237692414
5,3,2,2021-01-26,2021-02-24,74,103,0.810998092285986,0.00415650586721019,0.802442675624361,0.818544618080911
5,3,2,2021-01-27,2021-02-25,75,104,0.810088255345935,0.00392458630175896,0.803378998928517,0.81775600795959
5,3,2,2021-01-28,2021-02-26,76,105,0.810882953322515,0.00416386894373436,0.803881863294381,0.819497358732191
5,3,2,2021-01-29,2021-02-27,77,106,0.812125675876498,0.00432330774788527,0.804691430488009,0.822631225893007
5,3,2,2021-01-30,2021-02-28,78,107,0.810901915693038,0.0041408984930184,0.803509700176367,0.820057319223986
5,3,2,2021-01-31,2021-03-01,79,108,0.810015764556528,0.00405805925056722,0.802551203736975,0.817283507006827
5,3,2,2021-02-01,2021-03-02,80,109,0.809877140964862,0.00398864602007398,0.80156394595595,0.817245049046826
5,3,2,2021-02-02,2021-03-03,81,110,0.812255399790501,0.00442380732941993,0.8041015625,0.8208251953125
5,3,2,2021-02-03,2021-03-04,82,111,0.818349433266597,0.00455098661839423,0.810631008386173,0.829939660462262
5,3,2,2021-02-04,2021-03-05,83,112,0.826619118399562,0.00451347767344473,0.81821459319845,0.835885708136031
5,3,2,2021-02-05,2021-03-06,84,113,0.835185847702573,0.00459547921172167,0.827670287395338,0.843986195971939
5,3,2,2021-02-06,2021-03-07,85,114,0.839361691225233,0.00493095394052788,0.830989153501533,0.848396604574393
5,3,2,2021-02-07,2021-03-08,86,115,0.842433302588178,0.00513865678472313,0.832477250957854,0.851053639846743
5,3,2,2021-02-08,2021-03-09,87,116,0.844876503237,0.00528006435350428,0.835109356014581,0.855419198055893
5,3,2,2021-02-09,2021-03-10,88,117,0.848930328477276,0.00513810047544186,0.839664131812421,0.860006337135615
5,3,2,2021-02-10,2021-03-11,89,118,0.854391335455754,0.00482193958093492,0.846010707756594,0.865428310263776
5,3,2,2021-02-11,2021-03-12,90,119,0.863371264084961,0.00508874187817008,0.853165075034106,0.872721691678035
5,3,2,2021-02-12,2021-03-13,91,120,0.87185286444775,0.005207446888914,0.861701060475781,0.881491831470335
5,3,2,2021-02-13,2021-03-14,92,121,0.873092245983986,0.00519652492761034,0.861786875554242,0.880608926987881
5,3,2,2021-02-14,2021-03-15,93,122,0.859967287024651,0.00513644549193098,0.850229154346541,0.867689237137788
5,3,2,2021-02-15,2021-03-16,94,123,0.841623202566392,0.00490615897096758,0.831833780960907,0.85053715308863
5,3,2,2021-02-16,2021-03-17,95,124,0.808429598363646,0.00481083064736076,0.797131024096386,0.815677710843373
5,3,2,2021-02-17,2021-03-18,96,125,0.781320606696799,0.00491332959279802,0.770570388349515,0.79004854368932
5,5,2,2020-11-15,2020-12-14,2,31,1.09229870064045,0.00217849530916609,1.08864904469368,1.09577298089387
5,5,2,2020-11-16,2020-12-15,3,32,1.06497085490285,0.00245099093710856,1.06061676213781,1.06973332962572
5,5,2,2020-11-17,2020-12-16,4,33,1.0428151724075,0.00238028073229558,1.03832680470062,1.04739787353106
5,5,2,2020-11-18,2020-12-17,5,34,1.02885955086364,0.00240694882006974,1.02394071368362,1.03324388873279
5,5,2,2020-11-19,2020-12-18,6,35,1.0186718476965,0.00253684134435444,1.01361278682979,1.02382167221063
5,5,2,2020-11-20,2020-12-19,7,36,1.01377058548855,0.00289501546138813,1.00869844258087,1.01966312967083
5,5,2,2020-11-21,2020-12-20,8,37,1.01076442000705,0.00268177335137775,1.00604645800911,1.01513199608047
5,5,2,2020-11-22,2020-12-21,9,38,1.00359864882878,0.00287192073360634,0.998521046643914,1.00939135381115
5,5,2,2020-11-23,2020-12-22,10,39,0.995301071944188,0.00299128534834984,0.989741120489435,1.00173483260636
5,5,2,2020-11-24,2020-12-23,11,40,0.98764934270137,0.00304232547006555,0.981889290012034,0.993198097530227
5,5,2,2020-11-25,2020-12-24,12,41,0.985885586292405,0.00289478025108359,0.980693717277487,0.991803374054683
5,5,2,2020-11-26,2020-12-25,13,42,0.986983260157223,0.00299469348208695,0.98225569983843,0.992959727125845
5,5,2,2020-11-27,2020-12-26,14,43,0.990465940771758,0.00258333952567973,0.985458987266805,0.995233935445662
5,5,2,2020-11-28,2020-12-27,15,44,0.992046785558689,0.00280890496079889,0.987266718506999,0.997644754157196
5,5,2,2020-11-29,2020-12-28,16,45,0.989699317163802,0.00281381528439659,0.985035242290749,0.995977973568282
5,5,2,2020-11-30,2020-12-29,17,46,0.983574615519349,0.00280338724762109,0.979129256063433,0.989247609608209
5,5,2,2020-12-01,2020-12-30,18,47,0.976848166911078,0.00303518498740089,0.971295750574645,0.98236134850003
5,5,2,2020-12-02,2020-12-31,19,48,0.974220417954161,0.00296626331430059,0.970062962520888,0.980738243017427
5,5,2,2020-12-03,2021-01-01,20,49,0.974531267389842,0.00323313075161217,0.969018825392957,0.981401547459486
5,5,2,2020-12-04,2021-01-02,21,50,0.978716063625107,0.00333912602189055,0.97247460757156,0.985358571868267
5,5,2,2020-12-05,2021-01-03,22,51,0.984183207231108,0.00315096433862248,0.977687550752702,0.990428821288026
5,5,2,2020-12-06,2021-01-04,23,52,0.982901848110652,0.00333730617519629,0.97654353157572,0.989189147762109
5,5,2,2020-12-07,2021-01-05,24,53,0.977189302999067,0.00317722218025448,0.971066365007542,0.984164404223228
5,5,2,2020-12-08,2021-01-06,25,54,0.974498823699549,0.00293975353783789,0.969423997055576,0.981305974727027
5,5,2,2020-12-09,2021-01-07,26,55,0.972533333839803,0.00324848168498001,0.966391086660898,0.97835486463098
5,5,2,2020-12-10,2021-01-08,27,56,0.972179063032772,0.00309823094126712,0.966099950087347,0.978852632892438
5,5,2,2020-12-11,2021-01-09,28,57,0.975154611224315,0.00313769298672126,0.968861260690529,0.981206841938549
5,5,2,2020-12-12,2021-01-10,29,58,0.979018159531588,0.00319545564720218,0.973140482608138,0.985032409190091
5,5,2,2020-12-13,2021-01-11,30,59,0.978251332853355,0.00279855807582969,0.97362584990786,0.983414882124929
5,5,2,2020-12-14,2021-01-12,31,60,0.974273865515207,0.00266486902037426,0.969753959276018,0.979177664655606
5,5,2,2020-12-15,2021-01-13,32,61,0.971527143663538,0.00263740153284338,0.965793232605383,0.975628491620112
5,5,2,2020-12-16,2021-01-14,33,62,0.970550906088713,0.00272129252133668,0.965579663628194,0.975420464757992
5,5,2,2020-12-17,2021-01-15,34,63,0.969707645852003,0.00290801768708062,0.964381746493439,0.974536229073751
5,5,2,2020-12-18,2021-01-16,35,64,0.97164446323056,0.00293429224029713,0.965828750981932,0.977359910971459
5,5,2,2020-12-19,2021-01-17,36,65,0.975607605071006,0.00294843215071418,0.970036239111643,0.980919609016557
5,5,2,2020-12-20,2021-01-18,37,66,0.977104232676945,0.00275756146131924,0.971570935862572,0.981829939643165
5,5,2,2020-12-21,2021-01-19,38,67,0.97456728966735,0.00266530267428811,0.968356517763845,0.978911964472309
5,5,2,2020-12-22,2021-01-20,39,68,0.972816559200215,0.00276203085204845,0.967248713889988,0.976985226223453
5,5,2,2020-12-23,2021-01-21,40,69,0.970010123801922,0.00292038783160941,0.964336172179309,0.975183204594969
5,5,2,2020-12-24,2021-01-22,41,70,0.968120020731056,0.00285358637061969,0.962867086509778,0.974714948624461
5,5,2,2020-12-25,2021-01-23,42,71,0.966870938987365,0.00252792618877136,0.961577875692636,0.971229721610254
5,5,2,2020-12-26,2021-01-24,43,72,0.964621965447941,0.00254991057431828,0.959368155571779,0.969273909869251
5,5,2,2020-12-27,2021-01-25,44,73,0.955286562356081,0.00257564465762242,0.949686406549152,0.959602561563346
5,5,2,2020-12-28,2021-01-26,45,74,0.944662426864146,0.00265770726675455,0.938927106760153,0.949168210080698
5,5,2,2020-12-29,2021-01-27,46,75,0.935460549583572,0.00257826543304515,0.929927664198873,0.939925626570672
5,5,2,2020-12-30,2021-01-28,47,76,0.929186356877769,0.00286698983071932,0.923633662682236,0.933617771021903
5,5,2,2020-12-31,2021-01-29,48,77,0.925351806126529,0.00307763165951983,0.919364335072627,0.930656818502327
5,5,2,2021-01-01,2021-01-30,49,78,0.923317846122892,0.00314405252301769,0.916512223263864,0.9286795990481
5,5,2,2021-01-02,2021-01-31,50,79,0.919882250336784,0.00309367148498515,0.914093607471223,0.924857018750452
5,5,2,2021-01-03,2021-02-01,51,80,0.91062282657766,0.00306187786846016,0.904249488453668,0.915929187372113
5,5,2,2021-01-04,2021-02-02,52,81,0.90043812394178,0.00305381994812727,0.893990136905638,0.905943618430737
5,5,2,2021-01-05,2021-02-03,53,82,0.891784051960444,0.00330915786903776,0.884988518943743,0.898694986605434
5,5,2,2021-01-06,2021-02-04,54,83,0.886794340425308,0.0036743815322436,0.879732185179333,0.893172302101438
5,5,2,2021-01-07,2021-02-05,55,84,0.883545160437009,0.00332314396245476,0.877622618565059,0.889977705715444
5,5,2,2021-01-08,2021-02-06,56,85,0.883456275841792,0.00347298356077624,0.876541914911471,0.889154149534279
5,5,2,2021-01-09,2021-02-07,57,86,0.88350716958868,0.00346989851197444,0.877436971162148,0.890787428768779
5,5,2,2021-01-10,2021-02-08,58,87,0.879221985051395,0.0033833471468393,0.873474495125348,0.885774286211699
5,5,2,2021-01-11,2021-02-09,59,88,0.873592044429379,0.00334436215592046,0.868184623523188,0.880885205431141
5,5,2,2021-01-12,2021-02-10,60,89,0.867130637151093,0.00305366057599561,0.861300182481752,0.872949361313869
5,5,2,2021-01-13,2021-02-11,61,90,0.861991734384845,0.00320000496849068,0.856153014201072,0.867730179629455
5,5,2,2021-01-14,2021-02-12,62,91,0.858409133563209,0.00338467323120029,0.852689581512768,0.864292649771823
5,5,2,2021-01-15,2021-02-13,63,92,0.856637136023036,0.00374210647853817,0.849781714171016,0.862821156162184
5,5,2,2021-01-16,2021-02-14,64,93,0.855672796623623,0.00375519791574597,0.848361038961039,0.8626
5,5,2,2021-01-17,2021-02-15,65,94,0.852092379235134,0.00360019258620401,0.84567633361558,0.858700254022015
5,5,2,2021-01-18,2021-02-16,66,95,0.846187566856284,0.00347186953890895,0.839527936268705,0.853000861233717
5,5,2,2021-01-19,2021-02-17,67,96,0.836142081561886,0.0035804816613542,0.829665745856354,0.844099447513812
5,5,2,2021-01-20,2021-02-18,68,97,0.827916530912267,0.00399595087399498,0.821531406014165,0.837289562289562
5,5,2,2021-01-21,2021-02-19,69,98,0.823734842601029,0.0039216934050018,0.817429406037001,0.832226752677702
5,5,2,2021-01-22,2021-02-20,70,99,0.823795855330027,0.00448736951744466,0.815567366803279,0.832681224385246
5,5,2,2021-01-23,2021-02-21,71,100,0.824981605409059,0.00431243755880153,0.81712461559032,0.834687123947052
5,5,2,2021-01-24,2021-02-22,72,101,0.822686826735414,0.00411368780097079,0.816196319018405,0.830896387184731
5,5,2,2021-01-25,2021-02-23,73,102,0.816822247402045,0.00387965610908786,0.809998613229788,0.824507696574678
5,5,2,2021-01-26,2021-02-24,74,103,0.811064142676269,0.00495885699221953,0.801664962757412,0.820728056082956
5,5,2,2021-01-27,2021-02-25,75,104,0.80800131627455,0.00481085803173774,0.799762742997092,0.818008571865912
5,5,2,2021-01-28,2021-02-26,76,105,0.806227184496377,0.00522753703752899,0.796922522810949,0.816523931487114
5,5,2,2021-01-29,2021-02-27,77,106,0.807085387855383,0.00556465690433454,0.797241321482475,0.81696713063894
5,5,2,2021-01-30,2021-02-28,78,107,0.809430982503725,0.00552843484789322,0.799294532627866,0.819325396825397
5,5,2,2021-01-31,2021-03-01,79,108,0.807621162743089,0.00521822087077449,0.798827703916637,0.817584441250449
5,5,2,2021-02-01,2021-03-02,80,109,0.804001041683332,0.00484333996760966,0.79538682213585,0.812238571164168
5,5,2,2021-02-02,2021-03-03,81,110,0.801880889219056,0.00515352016332378,0.7932470703125,0.812890625
5,5,2,2021-02-03,2021-03-04,82,111,0.801912605523326,0.00583332631092607,0.791767232562896,0.813975250562487
5,5,2,2021-02-04,2021-03-05,83,112,0.80507006264854,0.00591284848960574,0.796012699095997,0.818349117520448
5,5,2,2021-02-05,2021-03-06,84,113,0.811971383416567,0.00634536741441733,0.801946141661009,0.826510522742702
5,5,2,2021-02-06,2021-03-07,85,114,0.817873235056757,0.00643571482076676,0.808400141476067,0.833464984673426
5,5,2,2021-02-07,2021-03-08,86,115,0.820480083861689,0.00621456805044404,0.809841954022988,0.833405172413793
5,5,2,2021-02-08,2021-03-09,87,116,0.819403053961465,0.00650478614417405,0.808608748481166,0.833317132442284
5,5,2,2021-02-09,2021-03-10,88,117,0.818469384830348,0.00554713894895377,0.809594423320659,0.829911280101394
5,5,2,2021-02-10,2021-03-11,89,118,0.816770627903114,0.00550349933743894,0.806561765474014,0.826077304779316
5,5,2,2021-02-11,2021-03-12,90,119,0.818520391833609,0.00571565857737284,0.806950886766712,0.829740791268759
5,5,2,2021-02-12,2021-03-13,91,120,0.825203366568196,0.0056324740791479,0.814789337919175,0.837517913442247
5,5,2,2021-02-13,2021-03-14,92,121,0.83010826926014,0.00522241837957338,0.821600650310375,0.83875997635235
5,5,2,2021-02-14,2021-03-15,93,122,0.824165418200971,0.00532345918478866,0.815338557066824,0.835304553518628
5,5,2,2021-02-15,2021-03-16,94,123,0.813867553132521,0.00474237287240466,0.804819456878544,0.824858251268278
5,5,2,2021-02-16,2021-03-17,95,124,0.788016098086375,0.00471529988899251,0.780105421686747,0.798207831325301
5,5,2,2021-02-17,2021-03-18,96,125,0.760395980445936,0.00487785610813548,0.751023968446602,0.770039441747573
5,1,3,2021-01-16,2021-02-14,2,31,0.861722229470186,0.00211938174488762,0.857968831168831,0.866192207792208
5,1,3,2021-01-17,2021-02-15,3,32,0.832214122634531,0.00192824884871711,0.828000635055038,0.835364627434378
5,1,3,2021-01-18,2021-02-16,4,33,0.821044623984217,0.00179165657406455,0.818166648724298,0.824636667025514
5,1,3,2021-01-19,2021-02-17,5,34,0.820720457019975,0.00170913759530178,0.818011049723757,0.82453591160221
5,1,3,2021-01-20,2021-02-18,6,35,0.828908257513952,0.00192868078867935,0.825142226866365,0.832120051085568
5,1,3,2021-01-21,2021-02-19,7,36,0.832516302401466,0.00212868877536914,0.828742697176241,0.836179406037001
5,1,3,2021-01-22,2021-02-20,8,37,0.828631282000674,0.00237203067116326,0.823885758196721,0.83370581454918
5,1,3,2021-01-23,2021-02-21,9,38,0.821284034195254,0.00242783369231774,0.816553015108972,0.825919240540179
5,1,3,2021-01-24,2021-02-22,10,39,0.813680770345617,0.00219368129291319,0.809199045671438,0.817249488752556
5,1,3,2021-01-25,2021-02-23,11,40,0.808022273709797,0.00223883068651618,0.803619470253779,0.812099570101234
5,1,3,2021-01-26,2021-02-24,12,41,0.811250591302988,0.00209939640531038,0.80696290346137,0.814886081495546
5,1,3,2021-01-27,2021-02-25,13,42,0.818170113554334,0.00247169544867907,0.81339354048676,0.822688657584571
5,1,3,2021-01-28,2021-02-26,14,43,0.819321684267737,0.00250044700210531,0.814935168881063,0.824243636945734
5,1,3,2021-01-29,2021-02-27,15,44,0.814846284678771,0.00261109607718307,0.809651182290793,0.820568505785678
5,1,3,2021-01-30,2021-02-28,16,45,0.806835485000592,0.00258926987551248,0.801838624338624,0.811036155202822
5,1,3,2021-01-31,2021-03-01,17,46,0.801235331861979,0.00231288085024737,0.796707689543658,0.805434782608696
5,1,3,2021-02-01,2021-03-02,18,47,0.801264892581415,0.00212089472192093,0.797334813992226,0.80494169905608
5,1,3,2021-02-02,2021-03-03,19,48,0.814905653960643,0.00270511605052864,0.809765625,0.8194384765625
5,1,3,2021-02-03,2021-03-04,20,49,0.834381832003548,0.00298991061357896,0.828789118429127,0.840049089793414
5,1,3,2021-02-04,2021-03-05,21,50,0.847179917745535,0.00314621994067454,0.840825441239776,0.853013344812742
5,1,3,2021-02-05,2021-03-06,22,51,0.851986237914791,0.00301975783565768,0.846797918081014,0.857563928490609
5,1,3,2021-02-06,2021-03-07,23,52,0.848380206956601,0.00279716180917288,0.842825984437633,0.853584060363122
5,1,3,2021-02-07,2021-03-08,24,53,0.842223633586238,0.00295471675979542,0.836308668582376,0.847587404214559
5,1,3,2021-02-08,2021-03-09,25,54,0.841795146919095,0.00272643585507364,0.83595382746051,0.845455650060753
5,1,3,2021-02-09,2021-03-10,26,55,0.858624737728281,0.00294042540698637,0.853098859315589,0.864397972116603
5,1,3,2021-02-10,2021-03-11,27,56,0.88098196410493,0.00308333592936882,0.875646382867589,0.886654478976234
5,1,3,2021-02-11,2021-03-12,28,57,0.90558083586886,0.00301898149009477,0.899993178717599,0.911207366984993
5,1,3,2021-02-12,2021-03-13,29,58,0.924221932730994,0.00345518442945694,0.917168243049584,0.930065921467469
5,1,3,2021-02-13,2021-03-14,30,59,0.933289457940911,0.00369577647205505,0.926522317469701,0.94030446349394
5,1,3,2021-02-14,2021-03-15,31,60,0.933605877605365,0.00365734394427254,0.92681105854524,0.940907746895328
5,1,3,2021-02-15,2021-03-16,32,61,0.934015193740933,0.00334311875803435,0.927327663384064,0.939122649955237
5,1,3,2021-02-16,2021-03-17,33,62,0.940372637792648,0.00370667892390666,0.932454819277108,0.947176204819277
5,1,3,2021-02-17,2021-03-18,34,63,0.947585341614112,0.00382326182461794,0.940533980582524,0.954968143203883
5,1,3,2021-02-18,2021-03-19,35,64,0.951423440820525,0.00404780560946618,0.94297507788162,0.95845015576324
5,1,3,2021-02-19,2021-03-20,36,65,0.949294390802854,0.00380187057156194,0.941885687143762,0.956483533882204
5,1,3,2021-02-20,2021-03-21,37,66,0.944719327114613,0.00368667263518412,0.936782720825274,0.952288845905867
5,1,3,2021-02-21,2021-03-22,38,67,0.939528940493441,0.0034899875047459,0.933207879564382,0.946036194746957
5,1,3,2021-02-22,2021-03-23,39,68,0.939729272494975,0.00342129741006192,0.933485576923077,0.946474358974359
5,1,3,2021-02-23,2021-03-24,40,69,0.95203245079474,0.00344440452972683,0.946443684895833,0.958829752604167
5,1,3,2021-02-24,2021-03-25,41,70,0.974196265979133,0.00382983433119459,0.965769358590894,0.980059820538385
5,1,3,2021-02-25,2021-03-26,42,71,0.991816353324302,0.0037893234136404,0.984565290933694,0.998147834912043
5,1,3,2021-02-26,2021-03-27,43,72,1.00297714521326,0.00380253596870326,0.995354209445585,1.0094370294319
5,1,3,2021-02-27,2021-03-28,44,73,1.00747408132656,0.00343152925042554,1.00065880721221,1.01337552011096
5,1,3,2021-02-28,2021-03-29,45,74,1.0000835230567,0.00297588162353984,0.994301724137931,1.00553448275862
5,1,3,2021-03-01,2021-03-30,46,75,0.989937661290049,0.00307162134715767,0.983878900949797,0.995768317503392
5,1,3,2021-03-02,2021-03-31,47,76,0.995884664306647,0.00380111203102945,0.988577512776831,1.00290459965928
5,1,3,2021-03-03,2021-04-01,48,77,1.00814054886797,0.00358722553687949,1.00151489505755,1.01457345971564
5,1,3,2021-03-04,2021-04-02,49,78,1.01843166332554,0.00404485208563899,1.00948509485095,1.02576219512195
5,1,3,2021-03-05,2021-04-03,50,79,1.02040776341263,0.00423138143116455,1.01325353083018,1.02860833620393
5,1,3,2021-03-06,2021-04-04,51,80,1.01895702612368,0.00357710631184565,1.01184991273997,1.02533158813264
5,1,3,2021-03-07,2021-04-05,52,81,1.01754283159249,0.00369688036088173,1.01149553571429,1.02439903846154
5,1,3,2021-03-08,2021-04-06,53,82,1.01439332948433,0.00339727635921445,1.0077207116482,1.01913393756294
5,1,3,2021-03-09,2021-04-07,54,83,1.01954582642986,0.00359290050214864,1.01388981915606,1.02698425987944
5,1,3,2021-03-10,2021-04-08,55,84,1.02489779749296,0.0040335316555407,1.01730833893746,1.03333893745797
5,1,3,2021-03-11,2021-04-09,56,85,1.02128477202747,0.00409547326804445,1.01377860026918,1.02778432032301
5,1,3,2021-03-12,2021-04-10,57,86,1.01337309649192,0.00360044888304772,1.00653523489933,1.0198322147651
5,1,3,2021-03-13,2021-04-11,58,87,1.00158552955188,0.0034905628778263,0.995436909581646,1.00827429149798
5,1,3,2021-03-14,2021-04-12,59,88,0.982380142214183,0.0029878568215695,0.976765860039241,0.988881621975147
5,1,3,2021-03-15,2021-04-13,60,89,0.970943070530649,0.0039527789955025,0.964804560260586,0.978501628664495
5,1,3,2021-03-16,2021-04-14,61,90,0.971731291307551,0.00356042841816795,0.965191229805473,0.980580283547643
5,1,3,2021-03-17,2021-04-15,62,91,0.981639756677321,0.00352049607767188,0.975360892388451,0.987877296587927
5,1,3,2021-03-18,2021-04-16,63,92,0.994560033753225,0.00406626194283091,0.987068965517241,1.00301724137931
5,1,3,2021-03-19,2021-04-17,64,93,1.00078874838194,0.0037903437206498,0.994082491582492,1.00841750841751
5,1,3,2021-03-20,2021-04-18,65,94,1.00325804224629,0.00348371183321017,0.99742382745635,1.00924340979117
5,1,3,2021-03-21,2021-04-19,66,95,1.0025781889782,0.00355955681960977,0.994398305084746,1.00847457627119
5,1,3,2021-03-22,2021-04-20,67,96,0.999415483075799,0.00345636482190044,0.993426796507723,1.00588482202821
5,1,3,2021-03-23,2021-04-21,68,97,1.00089966287049,0.00317472131595549,0.994449095780308,1.00687374413932
5,1,3,2021-03-24,2021-04-22,69,98,1.00421699272661,0.00308505439711758,0.998816717019134,1.00923967774421
5,1,3,2021-03-25,2021-04-23,70,99,1.0013201590725,0.0036647149948323,0.994259818731118,1.00839207787848
5,1,3,2021-03-26,2021-04-24,71,100,0.99038249928801,0.00371768745719465,0.984640688259109,0.998987854251012
5,1,3,2021-03-27,2021-04-25,72,101,0.977765032015101,0.00371674234988716,0.970672425474255,0.983917682926829
5,1,3,2021-03-28,2021-04-26,73,102,0.962793831250918,0.0032673957647034,0.956491434329862,0.968936849177024
5,1,3,2021-03-29,2021-04-27,74,103,0.950358791674219,0.00293921495251673,0.944731164951875,0.956032193826751
5,1,3,2021-03-30,2021-04-28,75,104,0.951642395567906,0.00288904589078452,0.946562082777036,0.95746829105474
5,1,3,2021-03-31,2021-04-29,76,105,0.962233927474168,0.00317765520163623,0.956105442176871,0.968027210884354
5,1,3,2021-04-01,2021-04-30,77,106,0.967519654113132,0.00396004470130742,0.959654994850669,0.974433573635427
5,1,3,2021-04-02,2021-05-01,78,107,0.962248012141145,0.0035333261088368,0.954749386610585,0.968804766912022
5,1,3,2021-04-03,2021-05-02,79,108,0.951495975466273,0.00367848727387642,0.942535460992908,0.95834219858156
5,1,3,2021-04-04,2021-05-03,80,109,0.938893598312847,0.00300292087542742,0.932743362831858,0.943380530973451
5,1,3,2021-04-05,2021-05-04,81,110,0.925518150948629,0.00318962679561925,0.919874037788663,0.932487753673898
5,1,3,2021-04-06,2021-05-05,82,111,0.911985833342004,0.00322817381962191,0.905791060659809,0.917719049308265
5,1,3,2021-04-07,2021-05-06,83,112,0.909245895916269,0.00348888715921267,0.903094550703717,0.915021652832912
5,1,3,2021-04-08,2021-05-07,84,113,0.906279037639043,0.00362030968394588,0.898318632855568,0.912357589121646
5,1,3,2021-04-09,2021-05-08,85,114,0.902872292759398,0.00379054726486521,0.895151912978245,0.908852213053263
5,1,3,2021-04-10,2021-05-09,86,115,0.89891740688303,0.00340542738161064,0.892823984526112,0.905425531914894
5,1,3,2021-04-11,2021-05-10,87,116,0.89020720575179,0.00344785126141068,0.884232283464567,0.897244094488189
5,1,3,2021-04-12,2021-05-11,88,117,0.878002980865066,0.0029617408498407,0.872409733124019,0.883045525902669
5,1,3,2021-04-13,2021-05-12,89,118,0.872451841011095,0.00273647213280967,0.866782786885246,0.877868852459016
5,1,3,2021-04-14,2021-05-13,90,119,0.860258924373149,0.00295664341704691,0.85518102372035,0.865803162713275
5,1,3,2021-04-15,2021-05-14,91,120,0.840792472290129,0.0032456043344281,0.835161221892236,0.847687738650827
5,1,3,2021-04-16,2021-05-15,92,121,0.814797167049776,0.00346575868941658,0.809018917729872,0.823581170259569
5,1,3,2021-04-17,2021-05-16,93,122,0.781045894940486,0.00359241221437457,0.774398547435315,0.788039037675897
5,3,3,2021-01-16,2021-02-14,2,31,0.939670894591573,0.00260675195218733,0.935444155844156,0.944781818181818
5,3,3,2021-01-17,2021-02-15,3,32,0.901158576641216,0.00295520560967868,0.896581287044877,0.907186706181202
5,3,3,2021-01-18,2021-02-16,4,33,0.877549210794674,0.00327255702506243,0.871320917213909,0.883257078264614
5,3,3,2021-01-19,2021-02-17,5,34,0.856300201428551,0.0030932481147445,0.850370165745856,0.862220994475138
5,3,3,2021-01-20,2021-02-18,6,35,0.841092952948102,0.00309805675479652,0.835817949611053,0.846804249390456
5,3,3,2021-01-21,2021-02-19,7,36,0.834697161562964,0.00323347254215343,0.828441455696203,0.840329844206427
5,3,3,2021-01-22,2021-02-20,8,37,0.830904580280125,0.00357654697496586,0.824154713114754,0.836517033811475
5,3,3,2021-01-23,2021-02-21,9,38,0.825816768528016,0.0037908705467652,0.819895707982351,0.832012969648349
5,3,3,2021-01-24,2021-02-22,10,39,0.820937839137707,0.00372925895310261,0.814158145875937,0.828435582822086
5,3,3,2021-01-25,2021-02-23,11,40,0.816821496532015,0.00378630545455915,0.810071418665927,0.823748439883511
5,3,3,2021-01-26,2021-02-24,12,41,0.812645660030802,0.00399381689130767,0.804363224769972,0.819859062363079
5,3,3,2021-01-27,2021-02-25,13,42,0.811205561298321,0.00350947020524701,0.80389560691872,0.817170518904026
5,3,3,2021-01-28,2021-02-26,14,43,0.811676336863425,0.00380449282322181,0.804386105330559,0.818953097486794
5,3,3,2021-01-29,2021-02-27,15,44,0.812724408634984,0.00462581529563529,0.803094080160993,0.820522388059701
5,3,3,2021-01-30,2021-02-28,16,45,0.811365061546438,0.00397512098902972,0.804669312169312,0.818787477954145
5,3,3,2021-01-31,2021-03-01,17,46,0.810468251261352,0.00391723105668167,0.804707150556953,0.818096478620194
5,3,3,2021-02-01,2021-03-02,18,47,0.810353220046517,0.00436040012910661,0.802146955395151,0.819193040903202
5,3,3,2021-02-02,2021-03-03,19,48,0.812819547006666,0.00465270453133304,0.805263671875,0.824052734375
5,3,3,2021-02-03,2021-03-04,20,49,0.819141825952069,0.00478861877497692,0.81069237062794,0.828507874821027
5,3,3,2021-02-04,2021-03-05,21,50,0.827716370476623,0.0044755581193361,0.819936504520017,0.8364291863969
5,3,3,2021-02-05,2021-03-06,22,51,0.836766932816716,0.00465689603453903,0.828456664403711,0.844987553745191
5,3,3,2021-02-06,2021-03-07,23,52,0.841486893683016,0.0049285302697362,0.832462862532422,0.851450129686395
5,3,3,2021-02-07,2021-03-08,24,53,0.845901306385874,0.00481634139146098,0.837494013409962,0.856333812260536
5,3,3,2021-02-08,2021-03-09,25,54,0.85050133259691,0.00550670591940718,0.842272174969623,0.862503037667072
5,3,3,2021-02-09,2021-03-10,26,55,0.857972627918759,0.00517693069686719,0.849283903675539,0.869493029150824
5,3,3,2021-02-10,2021-03-11,27,56,0.867494129024764,0.00548005655975487,0.85700574562549,0.877402716113868
5,3,3,2021-02-11,2021-03-12,28,57,0.88175608787568,0.00551118684700592,0.8718758526603,0.892366984993179
5,3,3,2021-02-12,2021-03-13,29,58,0.896631652254295,0.00507122840474426,0.887345944396675,0.906305531670966
5,3,3,2021-02-13,2021-03-14,30,59,0.908550633532711,0.00504367282581548,0.898159917233225,0.916952409104345
5,3,3,2021-02-14,2021-03-15,31,60,0.91838777586543,0.00528033107239075,0.907295978710822,0.927261975162626
5,3,3,2021-02-15,2021-03-16,32,61,0.92398392521993,0.00560786002841742,0.912093404953745,0.933325872873769
5,3,3,2021-02-16,2021-03-17,33,62,0.928922979926319,0.00597087970482477,0.915948795180723,0.937063253012048
5,3,3,2021-02-17,2021-03-18,34,63,0.933389540708887,0.00650690905969049,0.921723300970874,0.945403519417476
5,3,3,2021-02-18,2021-03-19,35,64,0.940448236893517,0.00605700896942625,0.927250778816199,0.952040498442368
5,3,3,2021-02-19,2021-03-20,36,65,0.945524098120731,0.00649638587240812,0.933169727675744,0.95741766941102
5,3,3,2021-02-20,2021-03-21,37,66,0.948012249788483,0.00639732645280954,0.936476466795616,0.961315280464217
5,3,3,2021-02-21,2021-03-22,38,67,0.949068044842694,0.00634912727656427,0.93818065342729,0.96113869314542
5,3,3,2021-02-22,2021-03-23,39,68,0.950696052376498,0.00628047527921506,0.938108974358974,0.960913461538462
5,3,3,2021-02-23,2021-03-24,40,69,0.956062007032199,0.00614093446163815,0.944319661458333,0.9677734375
5,3,3,2021-02-24,2021-03-25,41,70,0.965449970525475,0.00621517752745737,0.953805250913925,0.97825689597873
5,3,3,2021-02-25,2021-03-26,42,71,0.975239150694012,0.00638787857092376,0.961933355886333,0.987161705006766
5,3,3,2021-02-26,2021-03-27,43,72,0.984325164551123,0.00595924922420182,0.971594798083504,0.994703969883641
5,3,3,2021-02-27,2021-03-28,44,73,0.992076484634139,0.00565294666259289,0.981440707350902,1.00173370319001
5,3,3,2021-02-28,2021-03-29,45,74,0.996129493584618,0.00588087217294364,0.984301724137931,1.008
5,3,3,2021-03-01,2021-03-30,46,75,0.997070482591463,0.00600074777672166,0.986041383989145,1.0093368385346
5,3,3,2021-03-02,2021-03-31,47,76,0.999204937362207,0.00652664544291784,0.984488926746167,1.01043441226576
5,3,3,2021-03-03,2021-04-01,48,77,1.00089776804359,0.00636202793133743,0.988972579553148,1.01204299255247
5,3,3,2021-03-04,2021-04-02,49,78,1.00559869275245,0.00622777124741905,0.994402100271003,1.01659891598916
5,3,3,2021-03-05,2021-04-03,50,79,1.01082081350298,0.00608651618515333,1.00014640027558,1.02276954874268
5,3,3,2021-03-06,2021-04-04,51,80,1.01293610623409,0.0062046444822476,1.00226003490401,1.02626527050611
5,3,3,2021-03-07,2021-04-05,52,81,1.01371033074194,0.00573950460344896,1.00321943681319,1.02562671703297
5,3,3,2021-03-08,2021-04-06,53,82,1.01284586979264,0.00537907309709229,1.0022994293387,1.02266700234978
5,3,3,2021-03-09,2021-04-07,54,83,1.01196765346511,0.00598008744655142,0.998819490957803,1.02211989283322
5,3,3,2021-03-10,2021-04-08,55,84,1.0120552006266,0.00597524411041726,0.998991257565568,1.02286482851379
5,3,3,2021-03-11,2021-04-09,56,85,1.01186360004774,0.00605120435899784,0.999453230148048,1.02254374158816
5,3,3,2021-03-12,2021-04-10,57,86,1.01058235040707,0.00643118724780564,0.997986577181208,1.02232382550336
5,3,3,2021-03-13,2021-04-11,58,87,1.00633902832892,0.00574521789079277,0.996449055330634,1.01720647773279
5,3,3,2021-03-14,2021-04-12,59,88,0.999976289890583,0.00505172872848242,0.989862655330281,1.01096304774362
5,3,3,2021-03-15,2021-04-13,60,89,0.995048025215148,0.00513075298799596,0.985822475570033,1.00491856677524
5,3,3,2021-03-16,2021-04-14,61,90,0.989726834612984,0.00567211448972102,0.978569073524563,1.00051928783383
5,3,3,2021-03-17,2021-04-15,62,91,0.987454093123794,0.00595568588805513,0.976017060367454,0.997391732283464
5,3,3,2021-03-18,2021-04-16,63,92,0.990113396657333,0.00575679763981551,0.978937334217507,1.00071286472149
5,3,3,2021-03-19,2021-04-17,64,93,0.993761124610712,0.00598213453279619,0.982457912457912,1.00558080808081
5,3,3,2021-03-20,2021-04-18,65,94,0.99592103425505,0.00615670319090034,0.983695652173913,1.0067014720986
5,3,3,2021-03-21,2021-04-19,66,95,0.997082019874377,0.0062541437982294,0.984016949152542,1.00781355932203
5,3,3,2021-03-22,2021-04-20,67,96,0.996130508987827,0.00610686803038804,0.982026527871054,1.00554902619208
5,3,3,2021-03-23,2021-04-21,68,97,0.994067290942779,0.00496911338704687,0.98454454119223,1.00352478231748
5,3,3,2021-03-24,2021-04-22,69,98,0.992399549871603,0.00545177852929913,0.981998992950655,1.00271903323263
5,3,3,2021-03-25,2021-04-23,70,99,0.990493868341301,0.00548417342347591,0.980480026854649,1.00190500167842
5,3,3,2021-03-26,2021-04-24,71,100,0.987991324100359,0.00548912134546386,0.976880904183536,0.998844466936572
5,3,3,2021-03-27,2021-04-25,72,101,0.98360637904948,0.00530678256924769,0.972882791327913,0.994435975609756
5,3,3,2021-03-28,2021-04-26,73,102,0.975584582989007,0.00503104151832761,0.967240510581122,0.984548202888814
5,3,3,2021-03-29,2021-04-27,74,103,0.966430125286065,0.00497270084776297,0.958637570527713,0.977290076335878
5,3,3,2021-03-30,2021-04-28,75,104,0.959697490414356,0.00548628207001491,0.951426902536716,0.97048564753004
5,3,3,2021-03-31,2021-04-29,76,105,0.956510959812988,0.00605166388059554,0.947423469387755,0.97094387755102
5,3,3,2021-04-01,2021-04-30,77,106,0.954388353310858,0.00646342917996186,0.943159972536904,0.967962581531068
5,3,3,2021-04-02,2021-05-01,78,107,0.953066749067312,0.00588910736004131,0.944251664914125,0.967586750788644
5,3,3,2021-04-03,2021-05-02,79,108,0.948660170686266,0.00510886360097182,0.940948581560284,0.959406028368794
5,3,3,2021-04-04,2021-05-03,80,109,0.942578228062669,0.00576117982720191,0.932017699115044,0.955398230088496
5,3,3,2021-04-05,2021-05-04,81,110,0.935571551639949,0.00591731519676007,0.924352694191742,0.946667249825052
5,3,3,2021-04-06,2021-05-05,82,111,0.923347296248751,0.00542980852771752,0.912832564739269,0.933141184817311
5,3,3,2021-04-07,2021-05-06,83,112,0.913302227354898,0.0048865220623705,0.90544929628293,0.92168892096716
5,3,3,2021-04-08,2021-05-07,84,113,0.905815675683515,0.00530046133301079,0.895608232267549,0.915839764792356
5,3,3,2021-04-09,2021-05-08,85,114,0.900366723789515,0.00504189648197072,0.892329332333083,0.911693548387097
5,3,3,2021-04-10,2021-05-09,86,115,0.89439044460461,0.00555131613858697,0.885880077369439,0.905299806576402
5,3,3,2021-04-11,2021-05-10,87,116,0.883868653291428,0.00552342234033593,0.875196850393701,0.895314960629921
5,3,3,2021-04-12,2021-05-11,88,117,0.872261754552663,0.00537897637931295,0.861852433281005,0.881083202511774
5,3,3,2021-04-13,2021-05-12,89,118,0.858479134686898,0.00484189981531842,0.849375,0.868268442622951
5,3,3,2021-04-14,2021-05-13,90,119,0.842372956427439,0.00490861874830613,0.831856013316687,0.849771119434041
5,3,3,2021-04-15,2021-05-14,91,120,0.823841829621935,0.00508527692954282,0.814753924480272,0.834758167161646
5,3,3,2021-04-16,2021-05-15,92,121,0.80588053875359,0.00538106172572626,0.796744390673119,0.815244170699516
5,3,3,2021-04-17,2021-05-16,93,122,0.782921700899977,0.0054130256207173,0.773706309577848,0.794609623241035
5,5,3,2021-01-16,2021-02-14,2,31,0.986487351711155,0.00261307615260034,0.982490909090909,0.991846753246753
5,5,3,2021-01-17,2021-02-15,3,32,0.957962258127073,0.00301090949968741,0.953201735817104,0.965283657917019
5,5,3,2021-01-18,2021-02-16,4,33,0.933891660175036,0.0032820727729629,0.92862525567876,0.941191193885241
5,5,3,2021-01-19,2021-02-17,5,34,0.904824435990014,0.00345350424898594,0.898395027624309,0.91157182320442
5,5,3,2021-01-20,2021-02-18,6,35,0.881609563936643,0.00383323391094533,0.8746632996633,0.889370718681064
5,5,3,2021-01-21,2021-02-19,7,36,0.867741345706593,0.00420806387158034,0.860199610516066,0.876560978578384
5,5,3,2021-01-22,2021-02-20,8,37,0.860967539942188,0.00472045977337209,0.852830430327869,0.87098168545082
5,5,3,2021-01-23,2021-02-21,9,38,0.857195570256009,0.00478855046094939,0.849642331862549,0.8671647279048
5,5,3,2021-01-24,2021-02-22,10,39,0.851163112269086,0.00447297033783062,0.84245057941377,0.859655760054533
5,5,3,2021-01-25,2021-02-23,11,40,0.841813936863504,0.0044092982187267,0.834471640549161,0.850381361808348
5,5,3,2021-01-26,2021-02-24,12,41,0.832107500295769,0.00492154489139528,0.822827515700307,0.843095516284504
5,5,3,2021-01-27,2021-02-25,13,42,0.826438358284693,0.0050221920905915,0.816125822746058,0.836369202510332
5,5,3,2021-01-28,2021-02-26,14,43,0.822704213691713,0.00507789923159104,0.813182327517208,0.832451576756843
5,5,3,2021-01-29,2021-02-27,15,44,0.822160966905318,0.00588178498567169,0.809273855441892,0.831687070266644
5,5,3,2021-01-30,2021-02-28,16,45,0.823457548438301,0.00618858580393035,0.809850088183421,0.831688712522046
5,5,3,2021-01-31,2021-03-01,17,46,0.821233979383202,0.00631507883484283,0.807846748113547,0.830596478620194
5,5,3,2021-02-01,2021-03-02,18,47,0.81719176261559,0.00582196492307064,0.80519618730335,0.827415324819545
5,5,3,2021-02-02,2021-03-03,19,48,0.814841478394554,0.00573373827589621,0.8008349609375,0.823466796875
5,5,3,2021-02-03,2021-03-04,20,49,0.81530377252563,0.00658148981257763,0.800853957864594,0.827776641439967
5,5,3,2021-02-04,2021-03-05,21,50,0.819168336071462,0.00670539265705318,0.80573073611709,0.831796168747309
5,5,3,2021-02-05,2021-03-06,22,51,0.827273443578946,0.00660337999336855,0.814618692011767,0.841400769404843
5,5,3,2021-02-06,2021-03-07,23,52,0.834389179074416,0.00662082573984263,0.821728365951427,0.845095496345202
5,5,3,2021-02-07,2021-03-08,24,53,0.83949866745102,0.00647034233912381,0.827209051724138,0.850610632183908
5,5,3,2021-02-08,2021-03-09,25,54,0.84185173948721,0.00629686273835015,0.829277035236938,0.85321992709599
5,5,3,2021-02-09,2021-03-10,26,55,0.845801208659627,0.00608848327008932,0.832553865652725,0.856539923954373
5,5,3,2021-02-10,2021-03-11,27,56,0.849102087841287,0.00615533886071162,0.838312875424393,0.861360668581875
5,5,3,2021-02-11,2021-03-12,28,57,0.856752981411912,0.00661977843353313,0.843383356070941,0.869849931787176
5,5,3,2021-02-12,2021-03-13,29,58,0.869964289891552,0.00662707174584843,0.85811120664947,0.882638291774147
5,5,3,2021-02-13,2021-03-14,30,59,0.8841186939028,0.00652490707856057,0.872132722435708,0.894627549512267
5,5,3,2021-02-14,2021-03-15,31,60,0.895568098907371,0.00656637192511659,0.880248373743347,0.907044648137197
5,5,3,2021-02-15,2021-03-16,32,61,0.903383582546886,0.00698299466080083,0.888533273649657,0.916614443449717
5,5,3,2021-02-16,2021-03-17,33,62,0.909563277595249,0.00682500753138856,0.895308734939759,0.921257530120482
5,5,3,2021-02-17,2021-03-18,34,63,0.913053033592476,0.0069467394855933,0.897898968446602,0.923414745145631
5,5,3,2021-02-18,2021-03-19,35,64,0.920860580801845,0.00649890165961379,0.905545171339564,0.931316199376947
5,5,3,2021-02-19,2021-03-20,36,65,0.928309205158095,0.00714135856222311,0.912072514249525,0.939051614946169
5,5,3,2021-02-20,2021-03-21,37,66,0.935702037900075,0.00728110159443185,0.921171824629271,0.949234364925854
5,5,3,2021-02-21,2021-03-22,38,67,0.939365390151838,0.00745705787052689,0.924679692504805,0.951161114670083
5,5,3,2021-02-22,2021-03-23,39,68,0.940375635876968,0.00753337440918139,0.924479166666667,0.952107371794872
5,5,3,2021-02-23,2021-03-24,40,69,0.942949521945928,0.00771742384428769,0.926212565104167,0.957527669270833
5,5,3,2021-02-24,2021-03-25,41,70,0.949300473573124,0.00832019935994542,0.930491857760053,0.96379195746095
5,5,3,2021-02-25,2021-03-26,42,71,0.956710993996295,0.00841915270522966,0.940265561569689,0.970906630581867
5,5,3,2021-02-26,2021-03-27,43,72,0.964613770801533,0.0078331841328328,0.948827857631759,0.976309034907598
5,5,3,2021-02-27,2021-03-28,44,73,0.974659380241636,0.00754838545083582,0.957862343966713,0.986841192787795
5,5,3,2021-02-28,2021-03-29,45,74,0.982137848318719,0.00815193701133153,0.966534482758621,0.995206896551724
5,5,3,2021-03-01,2021-03-30,46,75,0.984648091144657,0.007290578357438,0.969114654002714,0.996785956580733
5,5,3,2021-03-02,2021-03-31,47,76,0.988420287968862,0.00687276905050749,0.974752981260647,1.00001703577513
5,5,3,2021-03-03,2021-04-01,48,77,0.988181709761316,0.00696661997392129,0.975287745429926,0.99950067704807
5,5,3,2021-03-04,2021-04-02,49,78,0.988951177301697,0.00721553149292134,0.975931571815718,1.00103319783198
5,5,3,2021-03-05,2021-04-03,50,79,0.994735957786939,0.00709645119474221,0.980873234584912,1.00674302445746
5,5,3,2021-03-06,2021-04-04,51,80,1.00052733349064,0.00746366988756151,0.986204188481675,1.01414485165794
5,5,3,2021-03-07,2021-04-05,52,81,1.00557107348508,0.00692339140936608,0.992445054945055,1.01736778846154
5,5,3,2021-03-08,2021-04-06,53,82,1.00482423916125,0.00760637555296131,0.990088956025512,1.01780798925814
5,5,3,2021-03-09,2021-04-07,54,83,1.00331884692206,0.00782949469127463,0.987717682518419,1.02011051574012
5,5,3,2021-03-10,2021-04-08,55,84,1.00395516766623,0.00755897176188023,0.989525891055817,1.01870376597176
5,5,3,2021-03-11,2021-04-09,56,85,1.0052629603803,0.00698107876720453,0.993270524899058,1.02142496635262
5,5,3,2021-03-12,2021-04-10,57,86,1.00757009529684,0.00725154782760605,0.993397651006711,1.02187919463087
5,5,3,2021-03-13,2021-04-11,58,87,1.0091532365982,0.00765401026748418,0.99389338731444,1.02316970310391
5,5,3,2021-03-14,2021-04-12,59,88,1.00333606618282,0.00762095588236179,0.989363963374755,1.01586821451929
5,5,3,2021-03-15,2021-04-13,60,89,0.998260609742973,0.00766902996385849,0.981539087947883,1.01160423452769
5,5,3,2021-03-16,2021-04-14,61,90,0.993989030507903,0.00731569525612448,0.979871414441147,1.00615727002967
5,5,3,2021-03-17,2021-04-15,62,91,0.988256174797151,0.00760919055175205,0.972924868766404,1.00067257217848
5,5,3,2021-03-18,2021-04-16,63,92,0.985715407151138,0.00766042767553125,0.970092838196287,0.999195954907162
5,5,3,2021-03-19,2021-04-17,64,93,0.987657661797801,0.00785114685368958,0.973526936026936,1.00324074074074
5,5,3,2021-03-20,2021-04-18,65,94,0.991243692589554,0.00772027270635021,0.978252310852448,1.00911502909962
5,5,3,2021-03-21,2021-04-19,66,95,0.993135992335404,0.00774225411734429,0.979771186440678,1.00765254237288
5,5,3,2021-03-22,2021-04-20,67,96,0.992175619456519,0.00742862915504248,0.980011752854265,1.00724479516454
5,5,3,2021-03-23,2021-04-21,68,97,0.988944412512473,0.00765301598801519,0.977210314802411,1.00288847957133
5,5,3,2021-03-24,2021-04-22,69,98,0.986714889039813,0.00751646377060533,0.973128566633098,1.00140986908359
5,5,3,2021-03-25,2021-04-23,70,99,0.984101541903146,0.00762665384437033,0.972809667673716,0.998497818059752
5,5,3,2021-03-26,2021-04-24,71,100,0.983221081383269,0.00764477535784476,0.970470647773279,0.997317813765182
5,5,3,2021-03-27,2021-04-25,72,101,0.982562960689511,0.00665013311947315,0.970833333333333,0.996968157181572
5,5,3,2021-03-28,2021-04-26,73,102,0.978021750635623,0.00615884219468155,0.96690460194827,0.991954988243198
5,5,3,2021-03-29,2021-04-27,74,103,0.968380580133685,0.00629915658940279,0.958496515101228,0.98075008297378
5,5,3,2021-03-30,2021-04-28,75,104,0.95879663845381,0.0068659091842608,0.944384178905207,0.971979305740988
5,5,3,2021-03-31,2021-04-29,76,105,0.95300695054682,0.00661693231960099,0.939600340136054,0.964285714285714
5,5,3,2021-04-01,2021-04-30,77,106,0.947226005063917,0.00656974226193086,0.934251630621353,0.957955715756952
5,5,3,2021-04-02,2021-05-01,78,107,0.946747840474593,0.00639260322118544,0.935655450403085,0.958289519803715
5,5,3,2021-04-03,2021-05-02,79,108,0.945876713335764,0.00675401152812152,0.93113475177305,0.958510638297872
5,5,3,2021-04-04,2021-05-03,80,109,0.941819732479914,0.00639286527478483,0.92829203539823,0.954353982300885
5,5,3,2021-04-05,2021-05-04,81,110,0.934650439375417,0.00655270672524218,0.920853743876837,0.947533240027992
5,5,3,2021-04-06,2021-05-05,82,111,0.920767627384894,0.00636180074177967,0.909693153600567,0.933141184817311
5,5,3,2021-04-07,2021-05-06,83,112,0.909091749395584,0.0067339475810704,0.896788163118008,0.922771562612775
5,5,3,2021-04-08,2021-05-07,84,113,0.899008075703657,0.00686920997657091,0.886806321205439,0.912973171628078
5,5,3,2021-04-09,2021-05-08,85,114,0.891171227586233,0.00693848109859901,0.878235183795949,0.902906976744186
5,5,3,2021-04-10,2021-05-09,86,115,0.886203635967778,0.00727794135591554,0.871324951644101,0.899071566731141
5,5,3,2021-04-11,2021-05-10,87,116,0.876671353268832,0.00683456773687298,0.864173228346457,0.889576771653543
5,5,3,2021-04-12,2021-05-11,88,117,0.863210333135001,0.00696037198968901,0.849087519623234,0.875588697017268
5,5,3,2021-04-13,2021-05-12,89,118,0.851421640768851,0.00707944151020793,0.839129098360656,0.864774590163934
5,5,3,2021-04-14,2021-05-13,90,119,0.836985293858461,0.00770155076044396,0.822700790678319,0.85165418227216
5,5,3,2021-04-15,2021-05-14,91,120,0.819063039524151,0.00708455932608591,0.806109461179465,0.83245651251591
5,5,3,2021-04-16,2021-05-15,92,121,0.804122800518531,0.0077215624758382,0.790585129784426,0.819852617685878
5,5,3,2021-04-17,2021-05-16,93,122,0.787152897947484,0.00757254099507589,0.772730367680436,0.80301861098502
